[

    {
       "model":"shop.category",
       "pk":1,
       "fields":{
          "name":"Snus",
          "slug":"snus"
       }
    },
    {
       "model":"shop.category",
       "pk":2,
       "fields":{
          "name":"vape",
          "slug":"vape"
       }
    },
    {
       "model":"shop.category",
       "pk":3,
       "fields":{
          "name":"Electronic cigarettes",
          "slug":"electronic-cigarettes"
       }
    },
    {
       "model":"shop.category",
       "pk":4,
       "fields":{
          "name":"Cigarettes",
          "slug":"cigarettes"
       }
    },
    {
       "model":"shop.fortress",
       "pk":2,
       "fields":{
          "strength":100,
          "category":1
       }
    },
    {
       "model":"shop.fortress",
       "pk":3,
       "fields":{
          "strength":150,
          "category":1
       }
    },
    {
       "model":"shop.fortress",
       "pk":4,
       "fields":{
          "strength":50,
          "category":3
       }
    },
    {
       "model":"shop.flavor",
       "pk":1,
       "fields":{
          "name":"Strawberry",
          "category":3
       }
    },
    {
       "model":"shop.flavor",
       "pk":2,
       "fields":{
          "name":"watermelon",
          "category":3
       }
    },
    {
       "model":"shop.flavor",
       "pk":3,
       "fields":{
          "name":"Orange",
          "category":3
       }
    },
    {
       "model":"shop.flavor",
       "pk":4,
       "fields":{
          "name":"Coconut",
          "category":3
       }
    },
    {
       "model":"shop.flavor",
       "pk":5,
       "fields":{
          "name":"Cherry",
          "category":3
       }
    },
    {
       "model":"shop.flavor",
       "pk":6,
       "fields":{
          "name":"pineapple",
          "category":3
       }
    },
    {
       "model":"shop.flavor",
       "pk":7,
       "fields":{
          "name":"Coffe",
          "category":3
       }
    },
    {
       "model":"shop.flavor",
       "pk":8,
       "fields":{
          "name":"Blackberry",
          "category":3
       }
    },
    {
       "model":"shop.flavor",
       "pk":10,
       "fields":{
          "name":"Apple",
          "category":1
       }
    },
    {
       "model":"shop.flavor",
       "pk":11,
       "fields":{
          "name":"menthol",
          "category":1
       }
    },
    {
       "model":"shop.brand",
       "pk":1,
       "fields":{
          "name":"ELfBar",
          "category":3
       }
    },
    {
       "model":"shop.brand",
       "pk":2,
       "fields":{
          "name":"GeekVape",
          "category":2
       }
    },
    {
       "model":"shop.brand",
       "pk":3,
       "fields":{
          "name":"Freemax",
          "category":2
       }
    },
    {
       "model":"shop.brand",
       "pk":4,
       "fields":{
          "name":"Suorin",
          "category":3
       }
    },
    {
       "model":"shop.brand",
       "pk":5,
       "fields":{
          "name":"Street",
          "category":1
       }
    },
    {
       "model":"shop.brand",
       "pk":6,
       "fields":{
          "name":"Planet",
          "category":1
       }
    },
    {
       "model":"shop.brand",
       "pk":7,
       "fields":{
          "name":"Cuba",
          "category":1
       }
    },
    {
       "model":"shop.discount",
       "pk":6,
       "fields":{
          "name":"Elf Bar Blackberry",
          "active":false,
          "amount":"10.00",
          "start_date":"2024-02-05T19:55:00.996Z",
          "end_date":"2024-02-27T22:40:00Z"
       }
    },
    {
       "model":"shop.discount",
       "pk":7,
       "fields":{
          "name":"watermelon",
          "active":false,
          "amount":"50.00",
          "start_date":"2024-02-05T22:16:03.982Z",
          "end_date":"2024-02-25T00:00:00Z"
       }
    },
    {
       "model":"shop.discount",
       "pk":8,
       "fields":{
          "name":"Street Fight Cinnamon",
          "active":false,
          "amount":"25.00",
          "start_date":"2024-02-24T21:55:16.767Z",
          "end_date":"2024-02-28T18:00:00Z"
       }
    },
    {
       "model":"shop.product",
       "pk":1,
       "fields":{
          "title":"Elf Bar Blackberry",
          "slug":"elf-bar-blackberry",
          "description":"Elf Bar is an e-cigarette brand founded in 2019 and is one of the most popular brands in this product category. The main principle of the company is to create the most comfortable and stylish products.",
          "price":"15.00",
          "category":3,
          "image":"product_images/Blackberry.jpeg",
          "quantity":12,
          "active":true,
          "discount":6,
          "created_at":null,
          "updated_at":"2024-02-28T17:03:40.814Z",
          "flavor":[
             8
          ],
          "brand":[
             1
          ],
          "fortress":[
             
          ]
       }
    },
    {
       "model":"shop.product",
       "pk":2,
       "fields":{
          "title":"Elf Bar  Strawberry",
          "slug":"elf-bar-strawberry",
          "description":"Elf Bar is an e-cigarette brand founded in 2019 and is one of the most popular brands in this product category. The main principle of the company is to create the most comfortable and stylish products.",
          "price":"13.00",
          "category":3,
          "image":"product_images/ElfBar-strawberry.jpeg",
          "quantity":15,
          "active":true,
          "discount":null,
          "created_at":null,
          "updated_at":"2024-02-26T00:34:10.166Z",
          "flavor":[
             1
          ],
          "brand":[
             1
          ],
          "fortress":[
             4
          ]
       }
    },
    {
       "model":"shop.product",
       "pk":3,
       "fields":{
          "title":"Elf Bar Watermelon",
          "slug":"elf-bar-watermelon",
          "description":"Elf Bar is an e-cigarette brand founded in 2019 and is one of the most popular brands in this product category. The main principle of the company is to create the most comfortable and stylish products.",
          "price":"11.00",
          "category":3,
          "image":"product_images/Watermelon.jpeg",
          "quantity":1,
          "active":true,
          "discount":7,
          "created_at":null,
          "updated_at":"2024-02-24T00:22:56.676Z",
          "flavor":[
             2
          ],
          "brand":[
             1
          ],
          "fortress":[
             2
          ]
       }
    },
    {
       "model":"shop.product",
       "pk":4,
       "fields":{
          "title":"Elf Bar Coffe",
          "slug":"elf-bar-coffe",
          "description":"Elf Bar is an e-cigarette brand founded in 2019 and is one of the most popular brands in this product category. The main principle of the company is to create the most comfortable and stylish products.",
          "price":"15.00",
          "category":3,
          "image":"product_images/coffe.jpeg",
          "quantity":29,
          "active":true,
          "discount":null,
          "created_at":null,
          "updated_at":"2024-02-26T00:34:05.243Z",
          "flavor":[
             7
          ],
          "brand":[
             1
          ],
          "fortress":[
             
          ]
       }
    },
    {
       "model":"shop.product",
       "pk":5,
       "fields":{
          "title":"Planet Energy Neptune",
          "slug":"planet-energy-neptune",
          "description":"Snus is a type of non-smoking tobacco product. It is crushed moistened tobacco, which is placed between the upper (less often lower) lip and gum[1] for a long time - from 30[2] to 60-70[3] minutes (according to manufacturers, from 5 to 30 minutes). In this case, nicotine from tobacco enters the body.",
          "price":"4.88",
          "category":1,
          "image":"product_images/planet-menthol-150-optimized.webp",
          "quantity":0,
          "active":true,
          "discount":null,
          "created_at":null,
          "updated_at":"2024-02-27T00:12:35.906Z",
          "flavor":[
             11
          ],
          "brand":[
             6
          ],
          "fortress":[
             3
          ]
       }
    },
    {
       "model":"shop.product",
       "pk":6,
       "fields":{
          "title":"Planet Pineapple Saturn",
          "slug":"planet-pineapple-saturn",
          "description":"Snus is a type of non-smoking tobacco product. It is crushed moistened tobacco, which is placed between the upper (less often lower) lip and gum[1] for a long time - from 30[2] to 60-70[3] minutes (according to manufacturers, from 5 to 30 minutes). In this case, nicotine from tobacco enters the body.",
          "price":"13.00",
          "category":1,
          "image":"product_images/planet-pineapple-150-optimized.webp",
          "quantity":20,
          "active":true,
          "discount":null,
          "created_at":null,
          "updated_at":"2024-02-26T00:34:35.118Z",
          "flavor":[
             
          ],
          "brand":[
             6
          ],
          "fortress":[
             
          ]
       }
    },
    {
       "model":"shop.product",
       "pk":7,
       "fields":{
          "title":"Planet Orange Mars",
          "slug":"planet-orange-mars",
          "description":"Snus is a type of non-smoking tobacco product. It is crushed moistened tobacco, which is placed between the upper (less often lower) lip and gum[1] for a long time - from 30[2] to 60-70[3] minutes (according to manufacturers, from 5 to 30 minutes). In this case, nicotine from tobacco enters the body.",
          "price":"9.50",
          "category":1,
          "image":"product_images/planet-orange-150-optimized.webp",
          "quantity":39,
          "active":true,
          "discount":null,
          "created_at":null,
          "updated_at":"2024-02-26T00:34:48.159Z",
          "flavor":[
             3
          ],
          "brand":[
             6
          ],
          "fortress":[
             
          ]
       }
    },
    {
       "model":"shop.product",
       "pk":9,
       "fields":{
          "title":"Parliament Silver Blue",
          "slug":"parliament-silver-blue",
          "description":"Cigarette (French cigarette - small cigar [1]) is a smoking tobacco product in the form of a paper tube, inside of which there is special cigarette tobacco. Can be with or without a filter.",
          "price":"3.00",
          "category":4,
          "image":"product_images/sigareti_parliament_silver_1110.jpg",
          "quantity":4,
          "active":true,
          "discount":null,
          "created_at":null,
          "updated_at":"2024-02-27T19:05:39.886Z",
          "flavor":[
             
          ],
          "brand":[
             
          ],
          "fortress":[
             
          ]
       }
    },
    {
       "model":"shop.product",
       "pk":10,
       "fields":{
          "title":"Marlboro Gold",
          "slug":"marlboro-gold",
          "description":"Cigarette (French cigarette - small cigar [1]) is a smoking tobacco product in the form of a paper tube, inside of which there is special cigarette tobacco. Can be with or without a filter.",
          "price":"2.50",
          "category":4,
          "image":"product_images/sigareti_marlboro_gold_original_1106.jpg",
          "quantity":6,
          "active":true,
          "discount":null,
          "created_at":null,
          "updated_at":"2024-02-24T00:22:56.676Z",
          "flavor":[
             
          ],
          "brand":[
             
          ],
          "fortress":[
             
          ]
       }
    },
    {
       "model":"shop.product",
       "pk":11,
       "fields":{
          "title":"Camel",
          "slug":"camel",
          "description":"Cigarette (French cigarette - small cigar [1]) is a smoking tobacco product in the form of a paper tube, inside of which there is special cigarette tobacco. Can be with or without a filter.",
          "price":"2.00",
          "category":4,
          "image":"product_images/sigareti_camel_1105.jpg",
          "quantity":0,
          "active":true,
          "discount":null,
          "created_at":null,
          "updated_at":"2024-02-28T20:23:35.470Z",
          "flavor":[
             
          ],
          "brand":[
             
          ],
          "fortress":[
             
          ]
       }
    },
    {
       "model":"shop.product",
       "pk":12,
       "fields":{
          "title":"Winston Classic",
          "slug":"winston-classic",
          "description":"Cigarette (French cigarette - small cigar [1]) is a smoking tobacco product in the form of a paper tube, inside of which there is special cigarette tobacco. Can be with or without a filter.",
          "price":"3.00",
          "category":4,
          "image":"product_images/sigareti_winston_classic_1945.jpg",
          "quantity":1,
          "active":true,
          "discount":null,
          "created_at":null,
          "updated_at":"2024-02-24T00:22:56.676Z",
          "flavor":[
             
          ],
          "brand":[
             
          ],
          "fortress":[
             
          ]
       }
    },
    {
       "model":"shop.product",
       "pk":13,
       "fields":{
          "title":"Smoant Pasito Mini Blue Twill",
          "slug":"smoant-pasito-mini-blue-twill",
          "description":"An electronic cigarette is an electronic device that generates a highly dispersed aerosol that is inhaled by the user. The main parts of the device include a mouthpiece, a battery, and an atomizer that includes a heating element, a cartridge, or a reservoir of pre-fill liquid.",
          "price":"22.00",
          "category":2,
          "image":"product_images/blue_twill-499x499.webp",
          "quantity":2,
          "active":true,
          "discount":null,
          "created_at":null,
          "updated_at":"2024-02-24T00:22:56.676Z",
          "flavor":[
             
          ],
          "brand":[
             
          ],
          "fortress":[
             
          ]
       }
    },
    {
       "model":"shop.product",
       "pk":14,
       "fields":{
          "title":"GeekVape Aegis U Black",
          "slug":"geekvape-aegis-u-black",
          "description":"An electronic cigarette is an electronic device that generates a highly dispersed aerosol that is inhaled by the user. The main parts of the device include a mouthpiece, a battery, and an atomizer that includes a heating element, a cartridge, or a reservoir of pre-fill liquid.",
          "price":"19.00",
          "category":2,
          "image":"product_images/black-499x499.webp",
          "quantity":0,
          "active":true,
          "discount":null,
          "created_at":null,
          "updated_at":"2024-02-28T17:03:41.065Z",
          "flavor":[
             
          ],
          "brand":[
             
          ],
          "fortress":[
             
          ]
       }
    },
    {
       "model":"shop.product",
       "pk":15,
       "fields":{
          "title":"Geekvape H45 (Aegis Hero 2) Black Orange",
          "slug":"geekvape-h45-aegis-hero-2-black-orange",
          "description":"An electronic cigarette is an electronic device that generates a highly dispersed aerosol that is inhaled by the user. The main parts of the device include a mouthpiece, a battery, and an atomizer that includes a heating element, a cartridge, or a reservoir of pre-fill liquid.",
          "price":"24.00",
          "category":2,
          "image":"product_images/geekvape_h45_black_orange-499x499.webp",
          "quantity":0,
          "active":true,
          "discount":null,
          "created_at":null,
          "updated_at":"2024-02-24T00:22:56.676Z",
          "flavor":[
             
          ],
          "brand":[
             
          ],
          "fortress":[
             
          ]
       }
    },
    {
       "model":"shop.product",
       "pk":16,
       "fields":{
          "title":"GeekVape Aegis Q Red",
          "slug":"geekvape-aegis-q-red",
          "description":"An electronic cigarette is an electronic device that generates a highly dispersed aerosol that is inhaled by the user. The main parts of the device include a mouthpiece, a battery, and an atomizer that includes a heating element, a cartridge, or a reservoir of pre-fill liquid.",
          "price":"19.50",
          "category":2,
          "image":"product_images/red-499x499.webp",
          "quantity":1,
          "active":true,
          "discount":null,
          "created_at":null,
          "updated_at":"2024-02-24T00:22:56.676Z",
          "flavor":[
             
          ],
          "brand":[
             2
          ],
          "fortress":[
             
          ]
       }
    },
    {
       "model":"shop.product",
       "pk":17,
       "fields":{
          "title":"Freemax Galex Nano Silver Orange",
          "slug":"freemax-galex-nano-silver-orange-httpsuvapepromodypod-sistema-freemax-galex-nano-silver-orange",
          "description":"The Freemax Galex Nano is a box-shaped vape device with a puff-activated feature. It holds 2 ml of top-fill e-juice and a rechargeable 800 mAh Galex Nano Battery, which charges via the USB Type-C port. The Galex Nano Battery provides variable power at three levels ranging from 11 to 22 W.\r\n\r\nThe device features a vibrant light design for an attractive appearance and a more interactive vaping experience. It has two modes: multi-color and single-color, and you can double-press the side button to toggle the backlight on or off.\r\n\r\nhttps://uvape.pro/mody/pod-sistema-freemax-galex-nano-silver-orange",
          "price":"25.00",
          "category":2,
          "image":"product_images/silver-orange-499x499.webp",
          "quantity":10,
          "active":true,
          "discount":null,
          "created_at":null,
          "updated_at":"2024-02-24T00:22:56.676Z",
          "flavor":[
             
          ],
          "brand":[
             3
          ],
          "fortress":[
             
          ]
       }
    },
    {
       "model":"shop.product",
       "pk":18,
       "fields":{
          "title":"Freemax Galex Nano 2 Blue",
          "slug":"freemax-galex-nano-2-blue",
          "description":"Freemax Galex Nano 2 представляет собой  вейп-устройство с автоматической функцией активации при затяжке. Можно использовать картриджи на 2 мл и 3 мл с боковой или верхней заправкой. Внутри Freemax Galex Nano 2 установлен усовершенствованный аккумулятор ёмкостью 900 мАч, который заряжается через порт USB Type-C. Аккумулятор Galex Nano Battery обеспечивает переменную мощность в диапазоне от 5 до 25 Вт.\r\n\r\nУстройство украшено ярким  дизайном с узором для привлекательного внешнего вида и более интерактивного вейпинга. В нем также имеется информативный дисплей, который упростит контроль за уровнем аккумулятора, а также даст возможность контролировать мощность.\r\n\r\nhttps://uvape.pro/mody/pod-sistema-freemax-galex-nano-2-blue",
          "price":"27.00",
          "category":2,
          "image":"product_images/blue-499x499.webp",
          "quantity":12,
          "active":true,
          "discount":null,
          "created_at":null,
          "updated_at":"2024-02-24T00:22:56.676Z",
          "flavor":[
             
          ],
          "brand":[
             3
          ],
          "fortress":[
             
          ]
       }
    },
    {
       "model":"shop.product",
       "pk":19,
       "fields":{
          "title":"Freemax Galex Nano Pink Purple",
          "slug":"freemax-galex-nano-pink-purple",
          "description":"Freemax Galex Nano представляет собой коробчатое вейп-устройство с функцией активации при затяжке. Оно вмещает в себя 2 мл жидкости с верхней заправкой и перезаряжаемый аккумулятор Galex Nano Battery ёмкостью 800 мАч, который заряжается через порт USB Type-C. Аккумулятор Galex Nano Battery обеспечивает переменную мощность на трех уровнях в диапазоне от 11 до 22 Вт.\r\n\r\nУстройство украшено ярким световым дизайном для привлекательного внешнего вида и более интерактивного вейпинга. В нем доступны два режима: многоцветный и одноцветный, и для переключения или отключения подсветки можно дважды нажать боковую кнопку.\r\n\r\nhttps://uvape.pro/mody/pod-sistema-freemax-galex-nano-pink-cyan",
          "price":"32.00",
          "category":2,
          "image":"product_images/freemax-galex-nano_pink_cyan-499x499.webp",
          "quantity":11,
          "active":true,
          "discount":null,
          "created_at":null,
          "updated_at":"2024-02-24T00:22:56.676Z",
          "flavor":[
             
          ],
          "brand":[
             3
          ],
          "fortress":[
             
          ]
       }
    },
    {
       "model":"shop.product",
       "pk":20,
       "fields":{
          "title":"Freemax Galex Nano Red Gold",
          "slug":"freemax-galex-nano-red-gold",
          "description":"Freemax Galex Nano представляет собой коробчатое вейп-устройство с функцией активации при затяжке. Оно вмещает в себя 2 мл жидкости с верхней заправкой и перезаряжаемый аккумулятор Galex Nano Battery ёмкостью 800 мАч, который заряжается через порт USB Type-C. Аккумулятор Galex Nano Battery обеспечивает переменную мощность на трех уровнях в диапазоне от 11 до 22 Вт.\r\n\r\nУстройство украшено ярким световым дизайном для привлекательного внешнего вида и более интерактивного вейпинга. В нем доступны два режима: многоцветный и одноцветный, и для переключения или отключения подсветки можно дважды нажать боковую кнопку.\r\n\r\nhttps://uvape.pro/mody/pod-sistema-freemax-galex-nano-red",
          "price":"42.00",
          "category":2,
          "image":"product_images/freemax-galex-nano_red-499x499.webp",
          "quantity":1,
          "active":true,
          "discount":null,
          "created_at":null,
          "updated_at":"2024-02-24T00:22:56.676Z",
          "flavor":[
             
          ],
          "brand":[
             3
          ],
          "fortress":[
             
          ]
       }
    },
    {
       "model":"shop.product",
       "pk":21,
       "fields":{
          "title":"Suorin Air Hybrid - Jade Green",
          "slug":"suorin-air-hybrid-jade-green",
          "description":"Откройте перед собой виртуозный мир наслаждения с уникальной подсистемой Suorin Air Hybrid!\r\n\r\nЭта выдающаяся подсистема воплощает безупречное качество и непревзойденный комфорт в использовании, что позволяет раскрыть ваш неповторимый стиль и окунуться в бескрайний спектр прекрасного пара.\r\n\r\nЧто делает Suorin Air Hybrid настолько особенным?\r\n\r\nЕе эргономичный и продуманный дизайн обеспечивает максимальный комфорт во время использования. Полный день без необходимости постоянной зарядки - теперь это реализовано благодаря мощному встроенному аккумулятору емкостью 600 mAh. Теперь вы можете забыть о ненужном стрессе из-за разряженного устройства, ведь Suorin Air Hybrid обеспечит вам длительный период работы.\r\n\r\nОднако это только начало!\r\n\r\nСамое компактное устройство на рынке - это точно Suorin Air Hybrid!\r\n\r\nСкорость зарядки также на высшем уровне благодаря современному зарядному устройству USB Type-C. Заряжайте свое устройство быстро и без лишних усилий, и больше не теряйте время на ожидание наслаждения. Начните свое захватывающее путешествие с Suorin Air Hybrid уже сегодня! Оформите заказ на ваше устройство и станьте неотъемлемой частью нового мира вкуса и удовольствия.\r\n\r\nhttps://uvape.pro/mody/pod-sistema-suorin-air-hybrid-jade-green",
          "price":"8.00",
          "category":3,
          "image":"product_images/jadegreen-499x499.webp",
          "quantity":22,
          "active":true,
          "discount":null,
          "created_at":null,
          "updated_at":"2024-02-24T00:22:56.676Z",
          "flavor":[
             
          ],
          "brand":[
             4
          ],
          "fortress":[
             
          ]
       }
    },
    {
       "model":"shop.product",
       "pk":22,
       "fields":{
          "title":"Suorin Air Hybrid - Denim Blue",
          "slug":"suorin-air-hybrid-denim-blue",
          "description":"Откройте перед собой виртуозный мир наслаждения с уникальной подсистемой Suorin Air Hybrid!\r\n\r\nЭта выдающаяся подсистема воплощает безупречное качество и непревзойденный комфорт в использовании, что позволяет раскрыть ваш неповторимый стиль и окунуться в бескрайний спектр прекрасного пара.\r\n\r\nЧто делает Suorin Air Hybrid настолько особенным?\r\n\r\nЕе эргономичный и продуманный дизайн обеспечивает максимальный комфорт во время использования. Полный день без необходимости постоянной зарядки - теперь это реализовано благодаря мощному встроенному аккумулятору емкостью 600 mAh. Теперь вы можете забыть о ненужном стрессе из-за разряженного устройства, ведь Suorin Air Hybrid обеспечит вам длительный период работы.\r\n\r\nОднако это только начало!\r\n\r\nСамое компактное устройство на рынке - это точно Suorin Air Hybrid!\r\n\r\nСкорость зарядки также на высшем уровне благодаря современному зарядному устройству USB Type-C. Заряжайте свое устройство быстро и без лишних усилий, и больше не теряйте время на ожидание наслаждения. Начните свое захватывающее путешествие с Suorin Air Hybrid уже сегодня! Оформите заказ на ваше устройство и станьте неотъемлемой частью нового мира вкуса и удовольствия.\r\n\r\nhttps://uvape.pro/mody/pod-sistema-suorin-air-hybrid-denim-blue",
          "price":"9.00",
          "category":3,
          "image":"product_images/denimblue-499x499.webp",
          "quantity":10,
          "active":true,
          "discount":null,
          "created_at":null,
          "updated_at":"2024-02-26T00:30:00.106Z",
          "flavor":[
             11
          ],
          "brand":[
             4
          ],
          "fortress":[
             
          ]
       }
    },
    {
       "model":"shop.product",
       "pk":23,
       "fields":{
          "title":"Suorin Air Hybrid - Sunset",
          "slug":"suorin-air-hybrid-sunset",
          "description":"Откройте перед собой виртуозный мир наслаждения с уникальной подсистемой Suorin Air Hybrid!\r\n\r\nЭта выдающаяся подсистема воплощает безупречное качество и непревзойденный комфорт в использовании, что позволяет раскрыть ваш неповторимый стиль и окунуться в бескрайний спектр прекрасного пара.\r\n\r\nЧто делает Suorin Air Hybrid настолько особенным?\r\n\r\nЕе эргономичный и продуманный дизайн обеспечивает максимальный комфорт во время использования. Полный день без необходимости постоянной зарядки - теперь это реализовано благодаря мощному встроенному аккумулятору емкостью 600 mAh. Теперь вы можете забыть о ненужном стрессе из-за разряженного устройства, ведь Suorin Air Hybrid обеспечит вам длительный период работы.\r\n\r\nОднако это только начало!\r\n\r\nСамое компактное устройство на рынке - это точно Suorin Air Hybrid!\r\n\r\nСкорость зарядки также на высшем уровне благодаря современному зарядному устройству USB Type-C. Заряжайте свое устройство быстро и без лишних усилий, и больше не теряйте время на ожидание наслаждения. Начните свое захватывающее путешествие с Suorin Air Hybrid уже сегодня! Оформите заказ на ваше устройство и станьте неотъемлемой частью нового мира вкуса и удовольствия.\r\n\r\nhttps://uvape.pro/mody/pod-sistema-suorin-air-hybrid-sunset",
          "price":"7.00",
          "category":3,
          "image":"product_images/sunset-499x499.webp",
          "quantity":1,
          "active":true,
          "discount":null,
          "created_at":null,
          "updated_at":"2024-02-24T00:22:56.676Z",
          "flavor":[
             
          ],
          "brand":[
             4
          ],
          "fortress":[
             4
          ]
       }
    },
    {
       "model":"shop.product",
       "pk":24,
       "fields":{
          "title":"Suorin Air Hybrid - Veri Peri",
          "slug":"suorin-air-hybrid-veri-peri",
          "description":"Откройте перед собой виртуозный мир наслаждения с уникальной подсистемой Suorin Air Hybrid!\r\n\r\nЭта выдающаяся подсистема воплощает безупречное качество и непревзойденный комфорт в использовании, что позволяет раскрыть ваш неповторимый стиль и окунуться в бескрайний спектр прекрасного пара.\r\n\r\nЧто делает Suorin Air Hybrid настолько особенным?\r\n\r\nЕе эргономичный и продуманный дизайн обеспечивает максимальный комфорт во время использования. Полный день без необходимости постоянной зарядки - теперь это реализовано благодаря мощному встроенному аккумулятору емкостью 600 mAh. Теперь вы можете забыть о ненужном стрессе из-за разряженного устройства, ведь Suorin Air Hybrid обеспечит вам длительный период работы.\r\n\r\nОднако это только начало!\r\n\r\nСамое компактное устройство на рынке - это точно Suorin Air Hybrid!\r\n\r\nСкорость зарядки также на высшем уровне благодаря современному зарядному устройству USB Type-C. Заряжайте свое устройство быстро и без лишних усилий, и больше не теряйте время на ожидание наслаждения. Начните свое захватывающее путешествие с Suorin Air Hybrid уже сегодня! Оформите заказ на ваше устройство и станьте неотъемлемой частью нового мира вкуса и удовольствия.\r\n\r\nhttps://uvape.pro/mody/pod-sistema-suorin-air-hybrid-veri-peri",
          "price":"9.00",
          "category":3,
          "image":"product_images/vivaperi-499x499.webp",
          "quantity":2,
          "active":true,
          "discount":null,
          "created_at":null,
          "updated_at":"2024-02-24T00:22:56.676Z",
          "flavor":[
             
          ],
          "brand":[
             4
          ],
          "fortress":[
             
          ]
       }
    },
    {
       "model":"shop.product",
       "pk":25,
       "fields":{
          "title":"Street Orange",
          "slug":"street-orange",
          "description":"Street Orange\r\n\r\nStreet Orange — польские никотиновые паучи с восхитительным вкусом апельсина, крепостью 150 мг/г. Яркие, пикантные, идеально сбалансированные, немного терпкие цитрусовые нотки точно понравятся многим.\r\n\r\nВ шайбе 20 ароматных порций тонкого размера. Паучи изготовлены из натуральных растительных волокон, они гладкие, мягкие на ощупь, удобно прилегают к десне, не вызывают сильного слюноотделения.\r\n\r\nГотовы к мощному никотиновому удару? Тогда пробуйте снюс Стрит Оранж, удовлетворите свою никотиновую потребность. Только для опытных ценителей!",
          "price":"5.00",
          "category":1,
          "image":"product_images/street-orange-1-optimized.webp",
          "quantity":20,
          "active":true,
          "discount":null,
          "created_at":null,
          "updated_at":"2024-02-26T00:33:57.071Z",
          "flavor":[
             3
          ],
          "brand":[
             5
          ],
          "fortress":[
             
          ]
       }
    },
    {
       "model":"shop.product",
       "pk":26,
       "fields":{
          "title":"Street Coconut",
          "slug":"street-coconut",
          "description":"",
          "price":"5.80",
          "category":1,
          "image":"product_images/street-coconut-1-optimized.webp",
          "quantity":30,
          "active":true,
          "discount":null,
          "created_at":null,
          "updated_at":"2024-02-26T00:34:17.776Z",
          "flavor":[
             
          ],
          "brand":[
             5
          ],
          "fortress":[
             
          ]
       }
    },
    {
       "model":"shop.product",
       "pk":27,
       "fields":{
          "title":"Street Fight Grape",
          "slug":"street-fight-grape",
          "description":"",
          "price":"4.20",
          "category":1,
          "image":"product_images/street-grape-2-optimized.webp",
          "quantity":1,
          "active":true,
          "discount":null,
          "created_at":null,
          "updated_at":"2024-02-24T00:22:56.676Z",
          "flavor":[
             
          ],
          "brand":[
             5
          ],
          "fortress":[
             4
          ]
       }
    },
    {
       "model":"shop.product",
       "pk":28,
       "fields":{
          "title":"Street Fight Freeze",
          "slug":"street-fight-freeze",
          "description":"",
          "price":"6.99",
          "category":1,
          "image":"product_images/street-freeze-optimized.webp",
          "quantity":61,
          "active":true,
          "discount":null,
          "created_at":null,
          "updated_at":"2024-02-24T00:22:56.676Z",
          "flavor":[
             
          ],
          "brand":[
             
          ],
          "fortress":[
             
          ]
       }
    },
    {
       "model":"shop.product",
       "pk":29,
       "fields":{
          "title":"Street Fight Watermelon Strawberry",
          "slug":"street-fight-watermelon-strawberry",
          "description":"",
          "price":"6.77",
          "category":1,
          "image":"product_images/street-watermelon-strawberry-optimized.webp",
          "quantity":2,
          "active":true,
          "discount":null,
          "created_at":null,
          "updated_at":"2024-02-24T00:22:56.676Z",
          "flavor":[
             2
          ],
          "brand":[
             5
          ],
          "fortress":[
             
          ]
       }
    },
    {
       "model":"shop.product",
       "pk":30,
       "fields":{
          "title":"Street Green Apple",
          "slug":"street-green-apple",
          "description":"",
          "price":"7.77",
          "category":1,
          "image":"product_images/street-green-apple-optimized.webp",
          "quantity":1,
          "active":true,
          "discount":null,
          "created_at":null,
          "updated_at":"2024-02-24T00:22:56.676Z",
          "flavor":[
             10
          ],
          "brand":[
             5
          ],
          "fortress":[
             4
          ]
       }
    },
    {
       "model":"shop.product",
       "pk":31,
       "fields":{
          "title":"Planet Coconut Mercury",
          "slug":"planet-coconut-mercury",
          "description":"",
          "price":"9.00",
          "category":1,
          "image":"product_images/planet-coconut-150-optimized_t3SNUEs.webp",
          "quantity":1,
          "active":true,
          "discount":null,
          "created_at":null,
          "updated_at":"2024-02-24T00:22:56.676Z",
          "flavor":[
             4
          ],
          "brand":[
             6
          ],
          "fortress":[
             
          ]
       }
    },
    {
       "model":"shop.product",
       "pk":32,
       "fields":{
          "title":"Cuba Ninja Energy",
          "slug":"cuba-ninja-energy",
          "description":"",
          "price":"9.00",
          "category":1,
          "image":"product_images/energy-1-optimized.webp",
          "quantity":4,
          "active":true,
          "discount":null,
          "created_at":null,
          "updated_at":"2024-02-24T00:22:56.676Z",
          "flavor":[
             
          ],
          "brand":[
             7
          ],
          "fortress":[
             3
          ]
       }
    },
    {
       "model":"shop.product",
       "pk":33,
       "fields":{
          "title":"Cuba Ninja Ice Cool",
          "slug":"cuba-ninja-ice-cool",
          "description":"",
          "price":"9.00",
          "category":1,
          "image":"product_images/cuba-ice-cool-optimized.webp",
          "quantity":11,
          "active":true,
          "discount":null,
          "created_at":null,
          "updated_at":"2024-02-26T00:33:46.635Z",
          "flavor":[
             
          ],
          "brand":[
             
          ],
          "fortress":[
             
          ]
       }
    },
    {
       "model":"shop.product",
       "pk":34,
       "fields":{
          "title":"Cuba Ninja Liquorice",
          "slug":"cuba-ninja-liquorice",
          "description":"",
          "price":"13.00",
          "category":1,
          "image":"product_images/lakricza-optimized.webp",
          "quantity":1,
          "active":true,
          "discount":null,
          "created_at":null,
          "updated_at":"2024-02-24T00:22:56.676Z",
          "flavor":[
             
          ],
          "brand":[
             7
          ],
          "fortress":[
             
          ]
       }
    },
    {
       "model":"shop.product",
       "pk":35,
       "fields":{
          "title":"Cuba Watermelon",
          "slug":"cuba-watermelon",
          "description":"",
          "price":"6.00",
          "category":1,
          "image":"product_images/cuba-watermelon-optimized.webp",
          "quantity":1,
          "active":true,
          "discount":null,
          "created_at":null,
          "updated_at":"2024-02-24T00:22:56.676Z",
          "flavor":[
             2
          ],
          "brand":[
             7
          ],
          "fortress":[
             3
          ]
       }
    },
    {
       "model":"shop.product",
       "pk":36,
       "fields":{
          "title":"Cuba Blueberry",
          "slug":"cuba-blueberry",
          "description":"",
          "price":"8.00",
          "category":1,
          "image":"product_images/cuba_black_blueberry-optimized.webp",
          "quantity":0,
          "active":true,
          "discount":null,
          "created_at":"2024-02-24T00:30:43.182Z",
          "updated_at":"2024-02-25T01:08:43.244Z",
          "flavor":[
             8
          ],
          "brand":[
             7
          ],
          "fortress":[
             3
          ]
       }
    },
    {
       "model":"shop.product",
       "pk":37,
       "fields":{
          "title":"Planet Sweet Mint Earth",
          "slug":"planet-sweet-mint-earth",
          "description":"",
          "price":"9.00",
          "category":1,
          "image":"product_images/planet-sweetmint-optimized.webp",
          "quantity":68,
          "active":true,
          "discount":null,
          "created_at":"2024-02-24T14:45:30.918Z",
          "updated_at":"2024-02-26T04:22:33.951Z",
          "flavor":[
             
          ],
          "brand":[
             6
          ],
          "fortress":[
             
          ]
       }
    },
    {
       "model":"shop.product",
       "pk":38,
       "fields":{
          "title":"Street Fight Cinnamon",
          "slug":"street-fight-cinnamon",
          "description":"",
          "price":"6.50",
          "category":1,
          "image":"product_images/street-cinnamon-optimized.webp",
          "quantity":12,
          "active":true,
          "discount":8,
          "created_at":"2024-02-24T14:47:33.310Z",
          "updated_at":"2024-02-26T01:19:37.815Z",
          "flavor":[
             
          ],
          "brand":[
             5
          ],
          "fortress":[
             
          ]
       }
    },
    {
       "model":"shop.product",
       "pk":39,
       "fields":{
          "title":"Street Black Currant",
          "slug":"street-black-currant",
          "description":"",
          "price":"3.00",
          "category":1,
          "image":"product_images/street-black-currant-optimized.webp",
          "quantity":54,
          "active":true,
          "discount":null,
          "created_at":"2024-02-24T14:49:30.612Z",
          "updated_at":"2024-02-26T01:22:58.815Z",
          "flavor":[
             
          ],
          "brand":[
             5
          ],
          "fortress":[
             
          ]
       }
    },
    {
       "model":"shop.product",
       "pk":40,
       "fields":{
          "title":"Street Fight Cherry Cola",
          "slug":"street-fight-cherry-cola",
          "description":"",
          "price":"6.00",
          "category":1,
          "image":"product_images/street-cherry-cola-optimized.webp",
          "quantity":9,
          "active":true,
          "discount":null,
          "created_at":"2024-02-24T14:52:24.272Z",
          "updated_at":"2024-02-26T14:10:33.197Z",
          "flavor":[
             
          ],
          "brand":[
             5
          ],
          "fortress":[
             
          ]
       }
    },
    {
       "model":"shop.product",
       "pk":41,
       "fields":{
          "title":"Planet Tropical Sun",
          "slug":"planet-tropical-sun",
          "description":"",
          "price":"5.00",
          "category":1,
          "image":"product_images/planet-tropical-sun-150-optimized.webp",
          "quantity":0,
          "active":true,
          "discount":null,
          "created_at":"2024-02-24T14:54:40.349Z",
          "updated_at":"2024-02-26T00:37:06.545Z",
          "flavor":[
             
          ],
          "brand":[
             6
          ],
          "fortress":[
             
          ]
       }
    },
    {
       "model":"shop.wishlist",
       "pk":700,
       "fields":{
          "user":14,
          "product":11
       }
    },
    {
       "model":"shop.reviews",
       "pk":18,
       "fields":{
          "name":"Stanislav",
          "email":"ugrayvcsgo137@gmail.com",
          "user":14,
          "text":"Good Snus!",
          "product":37,
          "rate":5,
          "created_at":"2024-02-25T20:32:33.187Z"
       }
    },
    {
       "model":"shop.reviews",
       "pk":19,
       "fields":{
          "name":"Stanislav",
          "email":"ugrayvcsgo137@gmail.com",
          "user":14,
          "text":"Good blackberry flavor!",
          "product":1,
          "rate":5,
          "created_at":"2024-02-25T20:34:48.323Z"
       }
    },
    {
       "model":"shop.reviews",
       "pk":20,
       "fields":{
          "name":"Stanislav",
          "email":"ugrayvcsgo137@gmail.com",
          "user":14,
          "text":"Good snus i liked this snus!",
          "product":39,
          "rate":5,
          "created_at":"2024-02-25T20:36:44.175Z"
       }
    },
    {
       "model":"shop.reviews",
       "pk":21,
       "fields":{
          "name":"Elf Bar Blackberry",
          "email":"ugrayvcsgo137@gmail.com",
          "user":14,
          "text":"sadfsafs",
          "product":38,
          "rate":5,
          "created_at":"2024-02-25T20:55:51.413Z"
       }
    },
    {
       "model":"shop.reviews",
       "pk":22,
       "fields":{
          "name":"sdfsf",
          "email":"sdafasdfsa@gmail.com",
          "user":14,
          "text":"sdfsfs",
          "product":37,
          "rate":5,
          "created_at":"2024-02-25T23:29:03.728Z"
       }
    },
    {
       "model":"shop.reviews",
       "pk":23,
       "fields":{
          "name":"joker",
          "email":"joker@gmail.com",
          "user":14,
          "text":"bad",
          "product":37,
          "rate":1,
          "created_at":"2024-02-25T23:30:52.667Z"
       }
    },
    {
       "model":"shop.reviews",
       "pk":24,
       "fields":{
          "name":"sdafsafs",
          "email":"sadfasfas@gmail.com",
          "user":14,
          "text":"sdafsafsafsafs",
          "product":37,
          "rate":2,
          "created_at":"2024-02-25T23:32:45.513Z"
       }
    },
    {
       "model":"shop.reviews",
       "pk":25,
       "fields":{
          "name":"Elf Bar Blackberry",
          "email":"ugrayvcsgo137@gmail.com",
          "user":14,
          "text":"sdfsdfsfs",
          "product":40,
          "rate":5,
          "created_at":"2024-02-25T23:38:26.242Z"
       }
    },
    {
       "model":"shop.reviews",
       "pk":26,
       "fields":{
          "name":"asdfasfsa",
          "email":"sdfsf@gmail.com",
          "user":14,
          "text":"sdafsafsafs",
          "product":40,
          "rate":4,
          "created_at":"2024-02-25T23:38:43.077Z"
       }
    },
    {
       "model":"shop.reviews",
       "pk":27,
       "fields":{
          "name":"bad",
          "email":"zloy@gmail.com",
          "user":14,
          "text":"sdfasfasfsafs",
          "product":40,
          "rate":1,
          "created_at":"2024-02-25T23:38:57.148Z"
       }
    },
    {
       "model":"shop.reviews",
       "pk":28,
       "fields":{
          "name":"Elf Bar Blackberry",
          "email":"zloy@gmail.com",
          "user":14,
          "text":"fgvdfgdgdgdgd",
          "product":38,
          "rate":5,
          "created_at":"2024-02-27T02:00:03.330Z"
       }
    },
    {
       "model":"shop.reviews",
       "pk":29,
       "fields":{
          "name":"dfsgsdfgsdfgsdgsd",
          "email":"zloy@gmail.com",
          "user":14,
          "text":"dsgsdgdsgsdgsdgsdgsdgsdg",
          "product":38,
          "rate":1,
          "created_at":"2024-02-27T02:00:26.188Z"
       }
    },
    {
       "model":"shop.reviews",
       "pk":30,
       "fields":{
          "name":"dsgdsfgdsgdfsgdgdsgds",
          "email":"ugrayvcsgo137@gmail.com",
          "user":14,
          "text":"dsfgdsfgdsgdsgdsgdsgdsgdsgdsgd",
          "product":38,
          "rate":2,
          "created_at":"2024-02-27T02:00:42.765Z"
       }
    },
    {
       "model":"shop.reviews",
       "pk":31,
       "fields":{
          "name":"sdfsdfsfsfsaf",
          "email":"ugrayvcsgo137@gmail.com",
          "user":14,
          "text":"asdfsafsafsafsafasfsa",
          "product":38,
          "rate":5,
          "created_at":"2024-02-27T02:04:05.469Z"
       }
    },
    {
       "model":"shop.reviews",
       "pk":32,
       "fields":{
          "name":"Chanage reviews please man  we can buy for you new cigarate!",
          "email":"joker@gmail.com",
          "user":14,
          "text":"Good cigarate i think !",
          "product":38,
          "rate":4,
          "created_at":"2024-02-27T02:05:11.297Z"
       }
    },
    {
       "model":"shop.reviews",
       "pk":33,
       "fields":{
          "name":"dfgdgd",
          "email":"ugrayvcsgo137@gmail.com",
          "user":14,
          "text":"dfsgdfgdg",
          "product":38,
          "rate":4,
          "created_at":"2024-02-27T02:06:07.575Z"
       }
    },
    {
       "model":"shop.reviews",
       "pk":34,
       "fields":{
          "name":"Elf Bar Blackberry",
          "email":"ugrayvcsgo137@gmail.com",
          "user":14,
          "text":"цаываыаыыфвафы",
          "product":38,
          "rate":4,
          "created_at":"2024-02-27T02:13:37.346Z"
       }
    },
    {
       "model":"shop.reviews",
       "pk":35,
       "fields":{
          "name":"фываыафыа",
          "email":"zloy@gmail.com",
          "user":14,
          "text":"ывафыафыаыа",
          "product":38,
          "rate":4,
          "created_at":"2024-02-27T02:13:53.227Z"
       }
    },
    {
       "model":"shop.reviews",
       "pk":36,
       "fields":{
          "name":"dfgdgd",
          "email":"ugrayvcsgo137@gmail.com",
          "user":14,
          "text":"sdfsdfsd",
          "product":38,
          "rate":5,
          "created_at":"2024-02-27T02:15:46.037Z"
       }
    },
    {
       "model":"shop.reviews",
       "pk":37,
       "fields":{
          "name":"Elf Bar Blackberry",
          "email":"ugrayvcsgo137@gmail.com",
          "user":14,
          "text":"sdfsafsafsafsafsafsafs",
          "product":1,
          "rate":1,
          "created_at":"2024-02-27T02:16:41.915Z"
       }
    },
    {
       "model":"shop.reviews",
       "pk":38,
       "fields":{
          "name":"Geekvape H45 (Aegis Hero 2) Black Orange",
          "email":"ugrayvcsgo137@gmail.com",
          "user":14,
          "text":"tyretyr",
          "product":1,
          "rate":1,
          "created_at":"2024-02-27T02:17:37.718Z"
       }
    },
    {
       "model":"shop.reviews",
       "pk":39,
       "fields":{
          "name":"sdfgsdgsd",
          "email":"ugrayvcsgo137@gmail.com",
          "user":14,
          "text":"dsfgsdgsdgdsgsdgsdgsdg",
          "product":1,
          "rate":5,
          "created_at":"2024-02-27T02:18:16.099Z"
       }
    },
    {
       "model":"shop.reviews",
       "pk":40,
       "fields":{
          "name":"sdfgsdgsd",
          "email":"zloy@gmail.com",
          "user":14,
          "text":"sdfgsdgsdgsd",
          "product":1,
          "rate":5,
          "created_at":"2024-02-27T02:18:47.334Z"
       }
    },
    {
       "model":"shop.reviews",
       "pk":41,
       "fields":{
          "name":"dsfgdsgsd",
          "email":"ugrayvcsgo137@gmail.com",
          "user":14,
          "text":"sdfgsdgsd",
          "product":1,
          "rate":5,
          "created_at":"2024-02-27T02:19:22.755Z"
       }
    },
    {
       "model":"shop.reviews",
       "pk":42,
       "fields":{
          "name":"Elf Bar Blackberry",
          "email":"ugrayvcsgo137@gmail.com",
          "user":14,
          "text":"hgfghfhdfsgsdgsd",
          "product":4,
          "rate":5,
          "created_at":"2024-02-27T02:21:32.752Z"
       }
    },
    {
       "model":"shop.reviews",
       "pk":43,
       "fields":{
          "name":"safasfsaf",
          "email":"ugrayvcsgo137@gmail.com",
          "user":14,
          "text":"sadfsafsafsafsafasfas",
          "product":4,
          "rate":1,
          "created_at":"2024-02-27T02:22:19.344Z"
       }
    },
    {
       "model":"shop.reviews",
       "pk":44,
       "fields":{
          "name":"asdfasf",
          "email":"ugrayvcsgo137@gmail.com",
          "user":14,
          "text":"asdfasfas",
          "product":2,
          "rate":5,
          "created_at":"2024-02-27T02:43:21.163Z"
       }
    },
    {
       "model":"shop.reviews",
       "pk":45,
       "fields":{
          "name":"asdfasf",
          "email":"sdafsadfasfasf@gmail.com",
          "user":14,
          "text":"asdfasdfasfas",
          "product":2,
          "rate":2,
          "created_at":"2024-02-27T02:43:31.692Z"
       }
    },
    {
       "model":"shop.reviews",
       "pk":46,
       "fields":{
          "name":"dfgdgd",
          "email":"ugrayvcsgo137@gmail.com",
          "user":14,
          "text":"j,ffghjgfjgfjgfjgfjfgjgf",
          "product":10,
          "rate":5,
          "created_at":"2024-02-27T02:45:11.833Z"
       }
    },
    {
       "model":"blog.blog",
       "pk":1,
       "fields":{
          "title":"best snus",
          "slug":"best-snus",
          "body":"<h1>Лучший снюс-2023</h1>\r\n\r\n<div>&nbsp;</div>\r\n\r\n<div>\r\n<p>Ассортимент снюса каждый год стремительно увеличивается. В статье поговорим только о самых популярных вариантах снюса, которые актуальны в 2023 году.&nbsp;</p>\r\n\r\n<h2><strong>ТОП-10 снюса в 2023 году</strong></h2>\r\n\r\n<p><strong>1.&nbsp;<a href=\"https://kupit-snus.in.ua/siberia-80-degrees-slim/\">Siberia -80 Degrees slim</a></strong></p>\r\n\r\n<p><img alt=\"Лучший снюс-2023 логотип\" class=\"entered lazyloaded wp-image-29332\" src=\"https://kupit-snus.in.ua/wp-content/uploads/2023/04/siberia-slim-snus-photo-595x395-optimized.jpg\" style=\"height:395px; width:595px\" /></p>\r\n\r\n<p>Классический представитель табачного снюса с ментоловым вкусом, который пользуется огромной популярностью не только не украинском, а и не мировом рынке.</p>\r\n\r\n<p>Пакетики имеет более низкое содержание влаги, чем обычный снюс. За счет этого паучи Siberia slim менее текучие и дольше сохраняют вкус.</p>\r\n\r\n<p>Содержание никотина в этом снюсе достигает 43 мг/г, поэтому мы рекомендуем его только опытным ценителям!</p>\r\n\r\n<p><strong>2. <a href=\"https://kupit-snus.in.ua/vika-deep-blue-all-white/\">Vika deep&nbsp; blue</a></strong></p>\r\n\r\n<p><img alt=\"Лучший снюс-2023 логотип\" class=\"entered lazyloaded wp-image-29333\" src=\"https://kupit-snus.in.ua/wp-content/uploads/2023/04/vika-snus-photo-595x395-optimized.jpg\" style=\"height:395px; width:595px\" /></p>\r\n\r\n<p>Еще один фаворит многих от шведского гиганта GN Tobacco. Vika Deep Blue выводит никотиновые ощущения на новый уровень!</p>\r\n\r\n<p>Тонкие никотиновые паучи с крепостью в 25 мг/г со вкусом сладкой мяты подарят приятные ощущения прохлады и долгое никотиновое насыщение.</p>\r\n\r\n<p>Содержимое пакетика состоит из натуральных растительных волокон и имеет белый цвет, что обеспечивает белизну вашей улыбки.</p>\r\n\r\n<p><strong>3. <a href=\"https://kupit-snus.in.ua/offroad-x-arctic-explorer/\">Offroad X</a></strong></p>\r\n\r\n<p><img alt=\"Лучший снюс-2023 логотип\" class=\"entered lazyloaded wp-image-29334\" src=\"https://kupit-snus.in.ua/wp-content/uploads/2023/04/offroad-snus-photo-595x395-optimized.jpg\" style=\"height:395px; width:595px\" /></p>\r\n\r\n<p>Качественный снюс от датской компании V2 Tobacco, который пришел на замену<strong> </strong>Thunder X Slim.</p>\r\n\r\n<p>Offroad X &ndash; довольно крепкий сухой снюс со вкусом классического табака и охлаждающей мяты, который успел полюбиться многими.</p>\r\n\r\n<p>В шайбе 15 порций стандартного размера с крепостью в 46 мг/г.</p>\r\n\r\n<p>Только для опытных любителей снюса!</p>\r\n\r\n<p><strong>4. <a href=\"https://kupit-snus.in.ua/siberia-black-slim-white-dry/\">Siberia Black Slim Whire Dry</a></strong></p>\r\n\r\n<p><img alt=\"Лучший снюс-2023 логотип\" class=\"entered lazyloaded wp-image-29336\" src=\"https://kupit-snus.in.ua/wp-content/uploads/2023/04/siberia-black-snus-photo-595x395-optimized.jpg\" style=\"height:395px; width:595px\" /></p>\r\n\r\n<p>Уникальный снюс Siberia Black Slim White Dry &ndash;&nbsp; это то, что нужно попробовать любителям снюса, предпочитающим ультракрепкие никтиновые паучи! Этот снюс особенно популярен среди любителей классического табачного вкуса.</p>\r\n\r\n<p>Тонкие сухие порции очень удобные в использовании &ndash; их почти незаметно под губой, что позволяет употреблять их в любом месте в любое время.</p>\r\n\r\n<p>Содержание никотина довольно высокое &mdash; 43 мг/г, именно поэтому этот снюс считается одним из самых крепких на рынке.</p>\r\n\r\n<p><strong>5. <a href=\"https://kupit-snus.in.ua/cuba-cherry/\">Cuba Cherry</a></strong></p>\r\n\r\n<p><img alt=\"Лучший снюс-2023 логотип\" class=\"entered lazyloaded wp-image-29337\" src=\"https://kupit-snus.in.ua/wp-content/uploads/2023/04/cuba-cherry-snus-595x395-optimized.jpg\" style=\"height:395px; width:595px\" /></p>\r\n\r\n<p>Cuba &ndash; польский бестабачный снюс европейского качества. Производители позаботились о разнообразии фруктовых вкусов и не прогадали &mdash; вишневый снюс стал лидером продаж в 2022 году.</p>\r\n\r\n<p>При открытии шайбы отчетливо ощущается насыщенный вишневый аромат. Примечательно, что запах без химической отдушки. Производители используют только высококачественные ингредиенты и первоклассные ароматизаторы.</p>\r\n\r\n<p>Крепость этого снюса составляет 43 мг/г, поэтому мы настоятельно рекомендуем его только опытным ценителям снюса!</p>\r\n\r\n<p><strong>6. <a href=\"https://kupit-snus.in.ua/baron-menthol/\">Baron Menthol</a></strong></p>\r\n\r\n<p><img alt=\"Лучший снюс-2023 логотип\" class=\"entered lazyloaded wp-image-29338\" src=\"https://kupit-snus.in.ua/wp-content/uploads/2023/04/baron-snus-photo-595x395-optimized.jpg\" style=\"height:395px; width:595px\" /></p>\r\n\r\n<p>Рассматривая рынок крепкого снюса, необходимо выделить польские никотиновые паучи Baron Menthol. Это крепкий белый снюс от того же производителя, что и Cuba.</p>\r\n\r\n<p>Имеет насыщенный ментоловый вкус, за счет которого при использовании ощущается приятный холодок, а после &ndash; свежее дыхание.</p>\r\n\r\n<p>В шайбе 20 плотно набитых порций белого цвета.&nbsp; Содержание никотина достигает 50 мг/г, поэтому рекомендуем только для продвинутых ценителей снюса.</p>\r\n\r\n<p><strong>7. <a href=\"https://kupit-snus.in.ua/white-fox-slim/\">White Fox All White</a></strong></p>\r\n\r\n<p><img alt=\"Лучший снюс-2023 логотип\" class=\"entered lazyloaded wp-image-29339\" src=\"https://kupit-snus.in.ua/wp-content/uploads/2023/04/white-fox-snus-photo-595x395-optimized.jpg\" style=\"height:395px; width:595px\" /></p>\r\n\r\n<p>Популярный белый снюс средней крепости от уже известного шведского гиганта GN Tobacco. Имеет выраженный приятный вкус сладкой мяты, который не приедается и не надоедает.</p>\r\n\r\n<p>Средняя крепость в 16 мг/г позволяет использовать данный снюс каждый день.</p>\r\n\r\n<p>Порции тонкие, мягкие и очень удобно ложатся под губу, компактный формат пакетов делает их незаметными.</p>\r\n\r\n<p><strong>8. <a href=\"https://kupit-snus.in.ua/odens-cold-extreme/\">Odens Cold Dry</a></strong></p>\r\n\r\n<p><img alt=\"Лучший снюс-2023 логотип\" class=\"entered lazyloaded wp-image-29340\" src=\"https://kupit-snus.in.ua/wp-content/uploads/2023/04/odens-snus-photo-595x395-optimized.jpg\" style=\"height:395px; width:595px\" /></p>\r\n\r\n<p>Занимает первые позиции в топе табачных снюсов. Приятный мятный холодок, нейтральный табачный вкус &mdash; вот за что ценят Oden&rsquo;s.</p>\r\n\r\n<p>В одной шайбе находится 20 мягких сухих порций, крепостью в 22 мг/г, которые доставляют никотиновое насыщение в считанные минуты. Высвобождение никотина происходит равномерно и плавно, пакетики не текут и не вызывают обильного слюноотделения.</p>\r\n\r\n<p><strong>9. <a href=\"https://kupit-snus.in.ua/lyft-ice-cool-mint-slim/\">Lyft Ice Cool</a></strong></p>\r\n\r\n<p><img alt=\"Лучший снюс-2023 логотип\" class=\"entered lazyloaded wp-image-29341\" src=\"https://kupit-snus.in.ua/wp-content/uploads/2023/04/lyft-snus-photo-595x395-optimized.jpg\" style=\"height:395px; width:595px\" /></p>\r\n\r\n<p>Концепция LYFT Ice Cool Mint Slim состоит в тонких, белых, вкусных никотиновых паучей без табака. Интенсивный и бодрящий вкус мяты подарит вам незабываемое ощущение прохладного зимнего дня.</p>\r\n\r\n<p>Крепость этого снюса достигает 16 мг/г, поэтому он подходит даже для начинающих.</p>\r\n\r\n<p><strong>10. <a href=\"https://kupit-snus.in.ua/killa-cold-mint/\">Killa Cold Mint</a></strong></p>\r\n\r\n<p><img alt=\"Лучший снюс-2023 логотип\" class=\"entered lazyloaded wp-image-29342\" src=\"https://kupit-snus.in.ua/wp-content/uploads/2023/04/killa-snus-photo-595x395-optimized.jpg\" style=\"height:395px; width:595px\" /></p>\r\n\r\n<p>Никотиновые паучи под номером один в сегменте 16 мг/г крепости. Является одним из самых продаваемых снюсов не только на отечественном рынке, а и на мировом.</p>\r\n\r\n<p>В шайбе находится 20 тонких порций, которые почти не заметны при использовании, а после &mdash;&nbsp; оставляют свежее дыхание.</p>\r\n\r\n<p>Классический вкус сладкой мяты, как нам кажется, никогда не выйдет из моды, именно поэтому такие бодрящие оттенки занимают топы списков в каждом году.</p>\r\n\r\n<p>Все самые популярные виды снюса есть в нашем магазине! Заказывайте и выбирайте лучший для себя.&nbsp;</p>\r\n</div>",
          "created_at":"2024-02-28T13:54:01.590Z",
          "author":14,
          "image":"blog_images/best-snus-optimized_AQiYRSI.webp"
       }
    },
    {
       "model":"blog.blog",
       "pk":2,
       "fields":{
          "title":"How to enhance the effect of snus?",
          "slug":"how-to-enhance-the-effect-of-snus",
          "body":"<div>\r\n<p>У каждого опытного курильщика и того, кто предпочитает получать никотиновый удар за счёт целлюлозных пакетиков&nbsp;снюса&nbsp;рано или поздно наступает такой период, когда ощущения от приёма&nbsp;никпаков&nbsp;притупляются, а тело требует более ярких ощущений и головокружительного эффекта. В таком случае, чтобы уж сильно не податься в крайности, каждый употребляющий&nbsp;снюс&nbsp;может воспользоваться достаточно интересными&nbsp;лайфхаками, которые помогут любителям сухого табака получить желаемый эффект и усилить собственные ощущение от приёма.</p>\r\n\r\n<h2><strong>Что делать, если нет эффекта от&nbsp;снюса?</strong></h2>\r\n\r\n<p>По правде говоря, сегодня на просторах интернета можно найти десятки различных способов относительно того, как можно усилить получаемый эффект от&nbsp;снюса, но далеко не все они действительно рабочие и могут хоть как-то помочь вам получить недостающие ощущения от никотина. Но мы собрали несколько по-настоящему рабочих вариантов, так что сегодня вы сможете получить исчерпывающие ответы на ключевой вопрос: &ldquo; что делать если снюс не торкает&rdquo;. Читайте дальше, чтобы узнать!</p>\r\n\r\n<ol>\r\n\t<li>Самое, пожалуй, банальное и то, что может действительно помочь вам в достижение желаемого эффекта &ndash; употребление одновременно двух порций&nbsp;снюса. Такой метод однозначно рабочий и способен дать вам &ldquo;двойной удар&rdquo; всего за один приём табака. Но помните о том, что не стоит использовать такой вариант, если выбранный вами&nbsp;снюс&nbsp;относится к категории &ldquo;крепкий&rdquo;, иначе есть огромный шанс получить никотиновую передозировку и навредить собственному здоровью.</li>\r\n\t<li>Второй способ также не требует от вас каких-то особых манипуляций с&nbsp;никпаками, т.к. для достижения желаемого эффекта, вам нужно лишь сменить место закладки вещества. Организму человека свойственно адаптироваться практически ко всем условиям, которые ему преподносить жизнь или природа, поэтому зачастую бывает так, что употребляющий&nbsp;снюс&nbsp;просто перестаёт в какой-то момент ощущать всю остроту и полноту эффекта от приёма сухого табака. В таком случае вам нужно просто экспериментировать с местом закладки&nbsp;снюса&nbsp;и чередовать верхнюю и нижнюю части губ в процессе употребления.</li>\r\n</ol>\r\n\r\n<p>Из этой же причинно-следственной связи вытекает и третий способ.</p>\r\n\r\n<ol start=\"3\">\r\n\t<li>Из-за адаптации ваш организм также может перестать реагировать на вещества просто потому что он привык к ним, и даже увеличение дозы никотина не всегда способна исправить ситуацию. В таком случае опытным курильщикам рекомендуется прекратить приём препарата, хотя бы на несколько дней. Так вы дадите своему организму и нервной системе передышку, а эффект, получаемый от следующего приёма&nbsp;снюса, точно вас не разочарует!</li>\r\n\t<li>Существует также ещё один достаточно любопытный вариант, который способен помочь вам получить новые ощущения от давно любимых&nbsp;никпаков&nbsp;&ndash; усиление эффекта от&nbsp;снюсового&nbsp;пакета за счёт совмещения компонентов с содой.</li>\r\n</ol>\r\n\r\n<p>Этот метод довольно простой и от вас потребуется лишь поместить пакетик с никотином в баночку с сухой пищевой содой. Это поможет&nbsp;никпаку&nbsp;взять в себя некоторую часть содовых частиц и придать вам более сильный эффект от приёма, за счёт повышенного разрежения слизистой оболочки рта. Но помните, что не стоит использовать такой способ, если вы употребляете&nbsp;снюс&nbsp;высокой крепости, иначе такое употребление чревато для вас негативными последствиями по отношению к собственному здоровью.</p>\r\n\r\n<h2><strong>Идеальное решение!</strong></h2>\r\n\r\n<p>А чтобы избежать подобных проблем, идеальным для вас решением будет вариант узнать о том, как же выбрать крепость&nbsp;снюса&nbsp;и получать всю полноту ярких ощущений без применения сторонних методов и веществ. И конечно же вы всегда можете заглянуть в наш чудесный интернет-магазин, <a class=\"rank-math-link\" href=\"https://kupit-snus.in.ua/shop/\">https://kupit-snus.in.ua/shop/</a> где вы можете купить&nbsp;снюс&nbsp;низкой и средней крепости с различными вкусовыми наполнителями, а также получить возможность приобрести&nbsp;никпаки&nbsp;повышенной крепости&nbsp;для незабываемого никотинового эффекта.</p>\r\n\r\n<p>Добро пожаловать за покупками к нам!</p>\r\n\r\n<p>Мы ждём вас!</p>\r\n</div>",
          "created_at":"2024-02-28T14:06:47.282Z",
          "author":14,
          "image":"blog_images/kak-usilit-effekt-snyusa-optimized_TK6lFji.webp"
       }
    },
    {
       "model":"blog.blog",
       "pk":3,
       "fields":{
          "title":"The most expensive snus in the world!",
          "slug":"the-most-expensive-snus-in-the-world",
          "body":"<p>Swedish Match выпустили свой самый эксклюзивный и дорогой снюс за всю историю бренда.</p>\r\n\r\n<p>У Swedish Match ушло более двух лет на разработку General Kardus Selection. И благодаря приложенным усилиям, удалось создать самый эксклюзивный и дорогой снюс за всю историю его существования.<br />\r\nУспеть купить лимитированную новинку мог не каждый, так как всего было изготовлена 4000 единиц, стоимостью 799 шведских крон (~2500 грн).</p>\r\n\r\n<p><img alt=\"Самый дорогой снюс в мире ! логотип\" class=\"entered lazyloaded wp-image-12284\" src=\"https://kupit-snus.in.ua/wp-content/uploads/2022/01/general-kardus-595x389-optimized.jpg\" style=\"height:389px; width:595px\" /></p>\r\n\r\n<h2>Почему так дорого?</h2>\r\n\r\n<p>Если задаться вопросом &laquo;Почему так дорого и кто готов за это платить?&raquo;, то безусловно каждый настоящий ценитель шведского снюса с уверенностью расскажет вам о бескомпромиссном качестве и совершенстве каждой детали в снюсе General Kardus: от отбора семян, из которых растут собранные растения табака, до тщательной его нарезки (0,72 мм).<br />\r\nGeneral Kardus Selection 2015 &mdash; это дань уважения компании Swedish Match к ее 200-летней истории, посвященная классическому снюсу.</p>\r\n\r\n<h2>Только лучшие сорта табака</h2>\r\n\r\n<p>Были отобраны самые лучшие сорта табака в мире: Green River из Пенсильвании, One Sucker из Гватемалы, Criollo из Аргентины и Malawi Western из Индии.<br />\r\n&laquo;Эти сорта были выбраны так, чтобы сливаться друг с другом в сбалансированную смесь чистого вкуса табака&raquo; &mdash; Карл Эгеберг, менеджер по качеству компании General.</p>\r\n\r\n<p>Табачные растения собирают целиком, но используют только листья среднего размера, так как у них самый насыщенный вкус, но при этом отсутствует резкий запах. После сбора, листья и жилки удаляются, благодаря чему получается концентрация чистого табака. Далее листья нарезаются точно до ширины 0,72 мм, и это значительно больше раскрывает вкус, чем молотый табак.</p>\r\n\r\n<p><img alt=\"Самый дорогой снюс в мире ! логотип\" class=\"entered lazyloaded wp-image-12285\" src=\"https://kupit-snus.in.ua/wp-content/uploads/2022/01/general-kardus-snus-595x397-optimized.jpg\" style=\"height:397px; width:595px\" /></p>\r\n\r\n<h2>Какой он на вкус?</h2>\r\n\r\n<p>Если вы оказались в числе тех счастливчиков, кому удалось попробовать General Kardus Selection, то знакомство с ним стоит начать с вдыхания аромата снюса: фруктовая смесь, с нотками мускатного ореха. При использовании вы почувствуете сильный табачный вкус с легким оттенком кураги и изюма. Некоторые даже ощущают вкус лимона и шиповника, что доказывает уникальность и полностью оправдывает стоимость снюса &mdash; для каждого открывается свой собственный аромат и вкус.</p>\r\n\r\n<p>Вся линейка была изготовлена вручную, благодаря чему удалось достичь максимально возможного качества.</p>\r\n\r\n<p>Более бюджетный, но не менее качественный снюс от компании General вы можете приобрести у нас в магазине.</p>",
          "created_at":"2024-02-28T14:09:24.492Z",
          "author":14,
          "image":"blog_images/samyj-dorogoj-snyus-optimized_5QqfTGW.webp"
       }
    },
    {
       "model":"blog.blog",
       "pk":4,
       "fields":{
          "title":"Why do athletes use snus?",
          "slug":"why-do-athletes-use-snus",
          "body":"<div>\r\n<p>Вы редко встретите курящего спортсмена. А спортсмена, в руке которого находится шайба снюса, вполне можно увидеть. Почему один никотиновый продукт находится у спортсменов под строгим запретом, а другой &mdash; вполне допустим?</p>\r\n\r\n<p>Разбираемся в статье.&nbsp;</p>\r\n\r\n<p><img alt=\"Почему спортсмены используют снюс ? логотип\" class=\"entered lazyloaded wp-image-11951\" src=\"https://kupit-snus.in.ua/wp-content/uploads/2022/01/ovechkin-595x397-optimized.jpg\" style=\"height:379px; width:570px\" /></p>\r\n\r\n<h2>Что лучше выбрать спортсмену?</h2>\r\n\r\n<p>Начнем с главного: снюс для спортсмена действительно лучше, чем сигареты. Любому человеку, который занимается спортом даже не очень интенсивно, ясно: сигареты очень влияют на дыхание. Они понижают трудоспособность, так как вызывают эффект удушья. Когда в организм поступает мало кислорода, появляется одышка и сонливость.&nbsp;</p>\r\n\r\n<p>Все негативные эффекты от сигарет зачастую связаны не с никотином, а с процессом горения и дыма.&nbsp;</p>\r\n\r\n<p>Снюс &mdash; это жевательный табак, поэтому дыма в нем никак не может быть. Никотин организм получает через слизистую оболочку рта: канцерогенов &mdash; минимум, дыма &mdash; ноль.&nbsp;</p>\r\n\r\n<p>Чаще всего спортсмены выбирают табачный снюс средней крепости с классическими ароматизаторами. Реже &mdash; используют ультракрепкие бестабачные смеси.&nbsp;</p>\r\n\r\n<h2>Зачем спортсменам никотин?</h2>\r\n\r\n<p>Часть людей до того, как заняться спортом, курили. Для них переход на бездымные способы получения никотина &mdash; лучшее решение. Легкие оздоравливаются, заниматься спортом становится проще, при этом нет мук отвыкания.&nbsp;</p>\r\n\r\n<p>У профессиональных спортсменов цель &mdash; не только необходимость в никотине, сформированная сигаретами.&nbsp;</p>\r\n\r\n<p>После изнурительной тренировки, в которой организм выложился на все сто, снюс помогает:</p>\r\n\r\n<ol>\r\n\t<li>Расслабиться. Никотин оказывает расслабляющий эффект и на ум, а на мышцы.&nbsp;</li>\r\n\t<li>Легкая психостимуляция. Перед серьезными соревнованиями спортсмены испытывают сильный стресс, который можно снизить с помощью никпака.</li>\r\n\t<li>Снижает аппетит. Если спортсмен находится на специальном спортивном питании, снюс помогает снизить тягу к &laquo;вредностям&raquo;.&nbsp;</li>\r\n</ol>\r\n\r\n<p>А перед тренировкой снюс:</p>\r\n\r\n<ol>\r\n\t<li>Улучшает концентрацию. Когда в организм поступает никотин, спортсмен ощущает себя более собранным и внимательным, чем обычно.&nbsp;</li>\r\n\t<li>Снижает тревожность. Это все о том же эффекте расслабленности. Он работает и на мышцах.&nbsp;</li>\r\n</ol>\r\n\r\n<p>Кроме того, снюс удобно принимать даже в тренажерном зале &mdash; этого скорее всего не заметят окружающие и спортсмен им не помешает. Снюс не ухудшит состояние легких, зато даст все преимущества сигарет: свобода в использовании, отсутствие неприятного запаха и мук отвыкания.&nbsp;</p>\r\n\r\n<h2>Стоит ли спортсмену принимать снюс?</h2>\r\n\r\n<p>Если вы независимы от никотина, то нет, не стоит. Но если решили всерьез заняться спортом, при этом вы курильщик, снюс &mdash; идеальное решение. Если вы планируете заниматься спортом и решили перейти на <strong>снюс, купить</strong> его можно во многих интернет-магазинах. Главное &mdash; выбрать правильную крепость.&nbsp;</p>\r\n\r\n<p>Если вы выкуриваете не более пачки в день и решили перейти ради спорта с сигарет на снюс, выбирайте средний по крепости вариант. Курите более одной пачки в день? Можете присмотреть себе более крепкие смеси.</p>\r\n</div>",
          "created_at":"2024-02-28T14:24:27.104Z",
          "author":14,
          "image":"blog_images/sportsmeny-i-snyus-optimized_KgvK6SW.webp"
       }
    },
    {
       "model":"blog.blog",
       "pk":5,
       "fields":{
          "title":"In which countries is snus banned?",
          "slug":"v-kakih-stranah-zapreshen-snyus",
          "body":"<p>Снюс &mdash; это жевательный табак, он родом из Швеции. Снюс популярен, так как его удобно использовать, он отлично насыщает никотином и несет минимум вреда здоровью.&nbsp;</p>\r\n\r\n<p>Кроме табачных смесей, существует и бестабачный снюс. В таком снюсе вместо табака основой становится органическая целлюлоза. Снюс &mdash; это удобный способ получать никотин, но при этом он запрещен к продаже в ЕС (кроме Швеции), России и Австралии.</p>\r\n\r\n<h2>Почему запрещают снюс?</h2>\r\n\r\n<p>Основной аргумент в пользу запрета снюса &mdash; это слишком высокое содержание никотина. Даже самая крепкая сигарета не сравнится по крепости с крепким снюсом и это, конечно, нужно учитывать. Но есть существенная разница в способе и частоте потребления: многие поклонники сосательного табака используют пару никпаков в день, тогда как среднестатистический курильщик выкуривает пачку сигарет. То есть за сутки количество полученного никотина у того, кто использовать жевательный табак и у того, кто курил сигареты может быть примерно одинаковым.&nbsp;</p>\r\n\r\n<p>Однако одно стоит признать: от сигарет очень сложно получить сильный никотиновый удар, для этого нужно курить одну сигарету за другой. От снюса, особенно крепкого бестабачного, передозировка никотином может произойти. Ее симптомы &mdash; тошнота, головная боль, головокружение и даже рвота. Поэтому, если вы не подготовлены, используйте слабые виды снюса.&nbsp;</p>\r\n\r\n<p>Евросоюз запретил снюс еще в 1992 году. Но для Швеции сделали исключение.&nbsp;</p>\r\n\r\n<h2>Почему снюс все еще разрешен в Швеции?</h2>\r\n\r\n<p>Впервые о запрете снюса заговорили в 1988 году. Тогда ВОЗ призвало страны, где жевательный табак еще не успел получить популярность, запретить его продажу и употребление. Аргументом для такого запрета было то, что жевательный табак привлекает не только людей, у которых уже есть зависимость от сигар или сигарет, но и тех, кто этой зависимости не имеет.&nbsp;</p>\r\n\r\n<p>Швеция в этом смысле шла абсолютным особняком: использование жевательного табака началось как минимум в семнадцатом веке. Жевательный табак здесь не менее популярен, чем сигареты и является чем-то вроде культурной ценности. Поэтому в отношении Швеции сделано исключение. В остальной же Европе продажа и реклама жевательного табака запрещена.&nbsp;</p>\r\n\r\n<h2>Это значит, что если в ЕС нельзя брать с собой снюс?</h2>\r\n\r\n<p>Вы можете взять с собой никотиновые паучи &mdash; они не запрещены. Также в разрешен ввоз никотиновых подушечек для личного пользования, но не для продажи. Мы рекомендуем ознакомиться с условиями законодательства каждой страны перед въездом в нее со снюсом &mdash; законы могут измениться.</p>\r\n\r\n<h2>Можно ли купить снюс в Украине?</h2>\r\n\r\n<p>Украинское законодательство не запрещает продажу и покупку снюса, поэтому вы с легкостью можете покупать никпаки в интернет-магазинах. Во многих интернет-магазинах представлены снюс из разных стран: США, Швеция, Россия. Однако будьте внимательны: важно не только выбрать вкус и подходящую крепость, но и покупать оригинальный снюс, т.к на рынке встречаются подделки.</p>\r\n\r\n<p>На сегодняшний день оснований полагать, что Украина ужесточит законодательство в отношении жевательных способов получения никотина, нет.&nbsp;</p>",
          "created_at":"2024-02-28T14:35:33.206Z",
          "author":14,
          "image":"blog_images/unnamed-file-optimized_meXP8ax.webp"
       }
    },
    {
       "model":"blog.blog",
       "pk":6,
       "fields":{
          "title":"What is the difference between chewing tobacco and snus?",
          "slug":"what-is-the-difference-between-chewing-tobacco-and-snus",
          "body":"<p>Снюс и <strong>жевательный табак</strong> &mdash; это схожие продукты и для простоты понимания многие не видят разницы между ними. Однако с технической точки зрения жевательный табак и снюс &mdash; это разные табачные изделия. С пользовательской тоже.</p>\r\n\r\n<p>Чем отличается снюс от жевательного табака, что лучше выбрать и какие особенности у этих продуктов рассказываем в статье.</p>\r\n\r\n<h2>Жевательный табак и снюс: в чем разница?</h2>\r\n\r\n<p><strong>Снюс</strong> &mdash; это сортовой мелкорубленный табак, который закладывается под губу и не требует пережевывания. Никотин выделяется из-за того, что табак размокает, а не из-за того, что его разжевывают.&nbsp;<br />\r\n<br />\r\nЖевательный табак &mdash; это цельные табачные листья. Листья могут для удобства употребления скручивать в жгуты или тщательно спрессовывать. Для того, чтобы получить порцию никотина, такой табак действительно приходится разжевывать.</p>\r\n\r\n<p>Жевательный табак, как и снюс, может быть расфасован в пакетики, а сами пакетики разложены по шайбам. Но даже в этом случае отличия есть: снюс нарезан значительно меньше, жевательный табак будет более крупным и жёстким. Даже тут для того, чтобы получить никотин, табак придется жевать. А снюс &mdash; рассасывать.</p>\r\n\r\n<p>Иногда снюс вообще не содержит табака &mdash; это так называемые бестабачные смеси. Основой для таких никпаков часто становится органическая целлюлоза, которую пропитывают ароматизаторами и чистым никотином. В таком никотине нет ферментов табака, поэтому он не окрашивает эмаль зубов.</p>\r\n\r\n<p>И снюс, и жевательный табак &mdash; это виды бездымного табака. И это основной плюс, который общий для двух продуктов. Когда пользователь получает никотин, ему не требуются табак подпаливать, а значит продукты горения полностью отсутствуют.</p>\r\n\r\n<p>Жевательный табак исторически популярнее снюса. Его употребляют в странах Азии, Африки, Европе и США. При этом распространение этого вида получения никотина совершенно не говорит о безопасности способа. Так, американский жевательный табак производят без пастеризации. Это означает, что в таком табаке много канцерогенов.&nbsp;</p>\r\n\r\n<h2>Что выбрать: снюс или жевательный табак?</h2>\r\n\r\n<p>Качественный снюс проходит больше этапов обработки. Даже в табачном снюсе значительно меньше канцерогенов, чем часто бывает в жевательной табаке. Если снюс бестабачный, то главная опасность &mdash; это слишком высокая крепость продукта.</p>\r\n\r\n<p>Если вы всё-таки хотите попробовать жевательный табак, рекомендуем тщательно ознакомиться с этапами производства, которые проходят листья табака у конкретного производителя.&nbsp;</p>\r\n\r\n<p><strong>Преимущества снюса</strong> сложно преуменьшить. Это:</p>\r\n\r\n<ol>\r\n\t<li>Большой выбор вкусов. Особенно это касается снюса, в котором нет табака. В этом случае вкус может быть практически любым.</li>\r\n\t<li>Крепость тоже может сильно варьироваться: есть очень слабые сорта, а есть экстремально крепкие &mdash; 150 мг/г.</li>\r\n\t<li>Снюс не нужно жевать. Поэтому его использование максимально незаметной для окружающих. С табаком так не получится: жевание легко заметит любой собеседник.</li>\r\n\t<li>Меньше влияния на эмаль. Это тоже результат того, что табак рассасывают, а не жуют. Так ферменты выделяются не настолько активно и не так сильно въедаются в эмаль.</li>\r\n</ol>",
          "created_at":"2024-02-28T14:36:57.141Z",
          "author":14,
          "image":"blog_images/chem-otlichaetsya-zhevatelnyj-tabka-ot-snyusa-optimized_lB8mKHu.webp"
       }
    },
    {
       "model":"blog.blog",
       "pk":7,
       "fields":{
          "title":"Табачный и бестабачный снюс — в чем разница ?",
          "slug":"tabachnyj-i-bestabachnyj-snyus-v-chem-raznica",
          "body":"<div>\r\n<p>Классический снюс, который популярен в Швеции, состоит из табака и ароматизаторов. <strong>Бестабачный снюс</strong> по эффекту имитирует классический, но при этом в нем совсем нет табака. Какой снюс лучше? Какой безопаснее? Разбираемся в статье.&nbsp;</p>\r\n\r\n<h2>Снюс и смесь без табака</h2>\r\n\r\n<p>Снюс &mdash; это жевательный табак, поэтому, когда речь идет о бестабачном продукте, называть его &laquo;снюсом&raquo; вообще не совсем правильно. При этом схожего больше, чем различного: бестабачный вариант точно также закладывается под верхнюю губу, имеет приятный вкус и действует около получаса.&nbsp;</p>\r\n\r\n<p>И бестабачные, табачные никпаки лучше, чем сигареты: они не влияют на легкие и содержат гораздо меньше канцерогенов, чем сигареты. Связано это с процессом горения: основные вещества, которые негативно влияют на здоровье &mdash; это продукты, которые возникают в процессе тления листьев табака. В снюсе этих продуктов нет, а никотин поступает в организм через слизистую оболочку рта. Такой способ получения никотина гораздо менее вредный, чем курение. Однако степень вредности отличается и в самом снюсе: между табачным и бестабачным видом есть серьзные различия.&nbsp;</p>\r\n\r\n<p>И главное различие &mdash; это, конечно, состав.&nbsp;</p>\r\n\r\n<h2>бестабачный снюс: состав</h2>\r\n\r\n<p><img alt=\"Табачный и бестабачный снюс - в чем разница ? логотип\" class=\"entered lazyloaded wp-image-10923\" src=\"https://kupit-snus.in.ua/wp-content/uploads/2021/12/photo_2021-12-08_17-32-02-595x335-optimized.jpg\" style=\"height:335px; width:595px\" /></p>\r\n\r\n<p>Состав&nbsp; бестабачного снюса отличается от табачного:</p>\r\n\r\n<ol>\r\n\t<li>Табачный снюс &mdash; это мелкорубленный сортовой табак с добавлением соды, соли, воды и ароматизаторов.&nbsp;</li>\r\n\t<li><strong>Снюс бестабачный</strong> &mdash; это чаще всего целлюлоза, регуляторы кислотности, соль, сода, никотин и ароматизаторы.&nbsp;</li>\r\n</ol>\r\n\r\n<p>Принципиальное отличие табачного от бестабачного снюса &mdash; это наличие самого табака. Отсутствие табака дает свои преимущества. Например, крепость бестабачной смеси может быть сильно выше, чем у табачной. Так, благодаря отсутствию табака, снюс Faff без проблем достигает 150 мг/г. Поэтому, если вы выбираете <strong>бестабачный снюс, вред</strong> будет от крепких сортов, если вы к ним непривычны.&nbsp;</p>\r\n\r\n<h2><strong>Табачный Снюс </strong></h2>\r\n\r\n<p><img alt=\"Табачный и бестабачный снюс - в чем разница ? логотип\" class=\"entered lazyloaded wp-image-10922\" src=\"https://kupit-snus.in.ua/wp-content/uploads/2021/12/photo_2021-12-08_17-32-04-595x335-optimized.jpg\" style=\"height:335px; width:595px\" /></p>\r\n\r\n<p>Жевательный табак &mdash; это классический вариант снюса, который имеет свой ряд минусов:</p>\r\n\r\n<ol>\r\n\t<li>От него желтеет эмаль. Это связано с ферментами, которые содержатся в табаке. Регулярное использование табачного снюса неминуемо скажется на состоянии эмали.&nbsp;</li>\r\n\t<li>Послевкусие. Легкое послевкусие табака оставляет любой табачный снюс.</li>\r\n\t<li>Вызывает излишнее слюноотделение.&nbsp;</li>\r\n</ol>\r\n\r\n<p>Бестабачный снюс таких проблем лишен: нет табака &mdash; нет желтых зубов, а также слишком обильного выделения слюны. Но при этом может быть сильное жжение из-за крепости. Однако, если вам не нравится вкус табака, лучше выбирайте бестабачные смеси: там он отсутствует полностью. В табачном снюсе, даже если основной ароматизатор с табаком никак не связан, привкус все равно останется.&nbsp;</p>\r\n\r\n<h2>Что лучше: табачный или бестабачный снюс?</h2>\r\n\r\n<p>Здесь каждый определяет сам для себя. Если вы еще не пробовали ни одного из сортов, лучше попробуйте оба варианта и выберете, что вам нравится больше. Часто бестабачный снюс дает более мощный никотиновый удар, а табачный отличается более мягким воздействием. Но это не относится ко всем сортам, поэтому также нужно пробовать.&nbsp;</p>\r\n\r\n<p>Если вы хотите получить только никотин, но не цените нотки табака, выбирайте бестабачный вариант. Если же вы больше за классическое употребление, то однозначно выбирайте табачный снюс.&nbsp;</p>\r\n</div>",
          "created_at":"2024-02-28T14:39:55.712Z",
          "author":14,
          "image":"blog_images/tabachnyj-i-bestabachnyj-snyus-v-chem-raznicza-optimized_3wrD0sS.webp"
       }
    },
    {
       "model":"blog.blog",
       "pk":8,
       "fields":{
          "title":"Можно ли использовать просроченный снюс ?",
          "slug":"mozhno-li-ispolzovat-prosrochennyj-snyus",
          "body":"<div>\r\n<p>Иногда, купив&nbsp;снюс, можно обнаружить, что его срок годности уже истек. В таком случае перед владельцем встает вопрос: стоит ли использовать такую смесь. Ведь прошедший срок годности означает, что продукт мог стать опасным для здоровья пользователя. Чтобы определиться с тем,&nbsp;можно ли использовать просроченный&nbsp;снюс, для начала стоит разобраться с тем, что входит в состав смеси.</p>\r\n\r\n<h2>Могут ли испортиться компоненты&nbsp;снюса</h2>\r\n\r\n<p>В интернете поклонники никотиновых подушечек могут найти варианты с разными вкусами и уровнем крепости. Однако отличаться смеси будут только по типу ароматизаторов и добавок. В целом,&nbsp;<a class=\"rank-math-link\" href=\"https://kupit-snus.in.ua/iz-chego-delayut-snyus/\">состав снюса</a>&nbsp;включает примерно одинаковые компоненты:</p>\r\n\r\n<ul>\r\n\t<li>натуральный табак/заменитель табака (последний используется для&nbsp;безникотиновых&nbsp;вариантов);</li>\r\n\t<li>ароматизаторы;</li>\r\n\t<li>вкусовые добавки.</li>\r\n</ul>\r\n\r\n<p>Очевидно, что ни один из перечисленных компонентов испортиться под воздействием&nbsp;временине&nbsp;способен. Поэтому употребление даже просроченного&nbsp;снюса&nbsp;не станет причиной дополнительного негативного воздействия на организм. Тем не менее, важно помнить: со временем любой сорт табака (или его заменителя) сохнет и становится более плотным. Соответственно,&nbsp;снюс&nbsp;становится не таким приятным на вкус и уже не приносит такого удовольствия, как в свежем виде.</p>\r\n\r\n<h2>Почему производители&nbsp;снюса&nbsp;часто указывают на пачке 2019 год как время изготовления</h2>\r\n\r\n<p><img alt=\"Можно ли использовать просроченный снюс ? логотип\" class=\"entered lazyloaded wp-image-12992\" src=\"https://kupit-snus.in.ua/wp-content/uploads/2022/02/photo_2022-02-01_20-15-07423-595x335-optimized.jpg\" style=\"height:335px; width:595px\" /></p>\r\n\r\n<p>Часто покупатели смеси задаются вопросом, что будет если использовать просроченный&nbsp;снюс, если обнаруживают на пачке 2019 год изготовления. Таких подушечек в продаже достаточно много. Дело не в том, что магазины невнимательно следят за реализуемой продукцией. Просто некоторые российские производители намеренно указывают на пачке именно 2019 год. Ведь именно тогда в РФ был принят закон о том, что&nbsp;снюсы&nbsp;полностью запрещаются. Так что, печатая на упаковке такой срок изготовления, компании пытаются легализовать свою продукцию.</p>\r\n\r\n<h2>Итоги</h2>\r\n\r\n<p>Использовать просроченный&nbsp;снюс&nbsp;можно, какого-то дополнительного вреда здоровью он не нанесет. Компоненты никотиновой смеси не могут испортиться, единственное вероятное последствие от слишком долгого хранения, это высыхания табака и частичная потеря вкусовых качеств. Однако лучше всегда использовать&nbsp;снюс&nbsp;вовремя, периодически покупая свежие партии.</p>\r\n\r\n<p>В интернет-магазине&nbsp;Kupit-Snus&nbsp;все никотиновые подушечки проходят тщательную проверку и соответствуют стандартам качества. У нас можно купить свежий&nbsp;снюс&nbsp;высокого качества, который не причинит вам вреда. Однако не стоит забывать о правилах хранения продукта, чтобы он не испортился раньше времени. Подробнее &nbsp;как правильно хранить снюс читайте тут <a class=\"rank-math-link\" href=\"https://kupit-snus.in.ua/kak-pravilno-hranit-snyus/\">https://kupit-snus.in.ua/kak-pravilno-hranit-snyus/</a></p>\r\n</div>\r\n\r\n<div>&nbsp;</div>",
          "created_at":"2024-02-28T14:42:54.096Z",
          "author":14,
          "image":"blog_images/mozhno-li-ispolzovat-prosrochennyj-snyus-optimized_EwDVyS6.webp"
       }
    },
    {
       "model":"blog.blog",
       "pk":9,
       "fields":{
          "title":"Можно ли брать снюс в самолет?",
          "slug":"mozhno-li-brat-snyus-v-samolet",
          "body":"<div>\r\n<p>Употреблять <strong>снюс в самолете</strong> &mdash; это очень удобно. В отличие от сигарет, его использование на борту не запрещено. Если предстоит долгий перелет снюс восполнит потребность в никотине, если же вы очень боитесь летать &mdash; снимет напряжение.&nbsp;</p>\r\n\r\n<p>Сразу скажем: с одной шайбой при посадке на борт самолета не возникнет проблем. Но если вы едете отдыхать на пару недель, одной шайбы явно будет недостаточно. С большим количеством снюса все уже не так просто.&nbsp;</p>\r\n\r\n<h2>Сколько банок снюса можно брать в самолет?</h2>\r\n\r\n<p>Определяясь с количеством шайб, важно знать, какой объем табака разрешен к ввозу в конкретной стране. Чаще всего эта цифра колеблется между 200 и 250 граммами. Если возьмете не более 10 шайб &mdash; не прогадаете. Однако лучше ознакомиться с правилами ввоза табака в страну, которую собираетесь посетить и рассчитать точное количество.&nbsp;</p>\r\n\r\n<p>Обычно в одной шайбе вес табака или никотиновой смеси не превышает 13 граммов, поэтому, беря с собой 10 шайб, вы даже берете меньше возможного. Но все же четко рассчитать объем табака и брать впритык не рекомендуем &mdash; есть небольшая вероятность, что на вас обратят слишком пристальное внимание. Вы, конечно, ничего не нарушаете, но нервы могут попортить.&nbsp;&nbsp;</p>\r\n\r\n<p>Правда, есть и страны-исключения: любое количество снюса запрещено к ввозу в Исландию и Сингапур.&nbsp;</p>\r\n\r\n<h2><strong>Снюс в самолете:</strong> можно ли брать с собой в Европу</h2>\r\n\r\n<p>Ценители снюса знают, что в Европейском союзе, кроме Швеции и Норвегии, снюс запрещен. Поэтому вариант взять <strong>снюс в самолет </strong>с собой многие даже не рассматривают. И зря!</p>\r\n\r\n<p>По законам стран ЕС снюс запрещен к продаже и изготовлению, а вот для частного использования его можно завозить. Поэтому вы можете брать ограниченное количество снюса без лишних опасений. Если у вас спросят, что вы везете, не вдавайтесь в подробности, просто сообщите, что у вас находится жевательный табак/бездымный табак. Этот ответ должен удовлетворить таможенную службу.</p>\r\n\r\n<h2>Как провозить снюс: в багаже или ручной клади?</h2>\r\n\r\n<p>Даже влажный снюс можно провозить в ручной клади, так как он не считается жидкостью. Мы рекомендуем провозить снюс именно в ручной.</p>\r\n\r\n<h2>Можно ли использовать снюс&nbsp; в самолете?</h2>\r\n\r\n<p>Конечно, да! Снюс &mdash; это бездымный табак, поэтому вы не создадите неудобств окружающим. Даже самый ароматизированный табак не будет ощутим для окружающих. Вы можете абсолютно спокойно закинуть подушечку снюса во время полета &mdash; это не будет нарушением никаких законов.&nbsp;</p>\r\n</div>",
          "created_at":"2024-02-28T14:46:02.771Z",
          "author":14,
          "image":"blog_images/mozhno-li-brat-snyus-v-samolet-optimized_w9LD8De.webp"
       }
    },
    {
       "model":"blog.blog",
       "pk":10,
       "fields":{
          "title":"Дешевый снюс или дорогой? Стоит ли переплачивать?",
          "slug":"deshevyj-snyus-ili-dorogoj-stoit-li-pereplachivat",
          "body":"<div>\r\n<p>Иногда цена между похожими снюсами отличается очень сильно. В таких случаях первый порыв &mdash; взять то, что подешевле. Но потом, скорее всего, у вас возникнут сомнения: а вдруг с дешевым снюсом что-то не так? Вдруг я просто сначала выброшу деньги, а затем и шайбу?</p>\r\n\r\n<p>Цена снюса почти всегда указывает на его качество. О том, стоит ли покупать <strong>дорогой снюс</strong> или обойтись дешевым, рассказываем в статье.&nbsp;</p>\r\n\r\n<h2>Что влияет на стоимость снюса?</h2>\r\n\r\n<p><strong>Дешевый снюс</strong> стоит дешевле не из-за того, что его производитель слишком щедрый. На цену влияет:</p>\r\n\r\n<h3>Качество табака/никотина</h3>\r\n\r\n<p>Дорогие бренды табачного снюса используют сортовой табак высокого класса, предварительно тщательно обрабатывают его, снижая содержание вредных веществ. В дешевом снюсе табак низкого качества, он плохо обработан.&nbsp;</p>\r\n\r\n<p>Никотин в дешевом снюсе тоже может не отвечать ожиданиям: слишком мало никотина или напротив, слишком много, резкий никотиновый удар, вызывающий головную боль, тошноту и т.д.&nbsp;</p>\r\n\r\n<h3>Качество пакетиков снюса и упаковки</h3>\r\n\r\n<p>В дешевом снюсе шайба бывает ненадежной из тонкого пластика, но с этим еще можно смириться. А вот настоящая проблема кроется в проклейке швов никпаков: у дешевого снюса проклейка низкого качества, поэтому есть вероятность, что пакетик просто разорвется во рту во время использования.&nbsp;</p>\r\n\r\n<p>С такой проблемой часто сталкиваются те, кто покупает новые и неизвестные марки. На первых этапах производитель снюса старается удешевить свою продукцию, из-за чего страдает качество упаковки и наполнителя, и самого снюса.&nbsp;</p>\r\n\r\n<h3>Ароматизаторы</h3>\r\n\r\n<p><strong>Дорогой снюс,</strong> который долго находится на рынке, может удивить вас разнообразием ароматизаторов. При этом даже самое необычное сочетание будет ощущаться очень натурально.&nbsp;</p>\r\n\r\n<p>Когда производитель только выходит на рынок, он обычно ограничивается вкусами, которые можно назвать классическими: ментол, мята, кофе и т.д. <strong>Дешевый снюс </strong>часто содержит в себе некачественные ароматизаторы и тогда даже самый базовый вкус отдает химией, оставляет неприятное послевкусие. Но цена &mdash; необязательно показатель плохого вкуса. Тут надо пробовать.&nbsp;</p>\r\n\r\n<h3>Слишком <strong>дешевый снюс</strong> может быть подделкой</h3>\r\n\r\n<p>О том, как отличить поддельный снюс от настоящего читайте в нашей статье&nbsp; https://kupit-snus.in.ua/2021/11/17/kak-otlichit-originalnyj-snyus-ot-poddelki/ . А здесь уточним коротко: если вы видите, что цена на снюс, который вы хотите купить, во всех магазинах держится в районе 200 гривен и лишь один предлагает точно такой же снюс за 40, то, скорее всего, вам предлагают подделку. Цены в разных интернет-магазинах, конечно, могут отличаться, но разницы в 2-2,5 раза не должно быть.&nbsp;</p>\r\n\r\n<h2>А может ли быть <strong>дорогой снюс</strong> и дешевый одинакового качества?</h2>\r\n\r\n<p>Да, может! Это случается тогда, когда цена продиктована не компонентами, а граммовкой и количеством пакетиков! Например, Faff популярен, потому что в нем 30 пакетиков против &laquo;классического&raquo; количества 18-20.&nbsp;</p>\r\n\r\n<p>Если вы подозреваете, что цена отличается из-за граммовки продукта, стоит примерно прикинуть, сколько стоит 1 грамм, чтобы понять, действительно ли этот снюс дешевый/дорогой.&nbsp;</p>\r\n\r\n<p>Еще цена может отличаться из-за содержания никотина: снюс с низким содержанием никотина будет дешевле крепкого.&nbsp;</p>\r\n\r\n<h2>Стоит ли переплачивать и покупать продукт дороже?</h2>\r\n\r\n<p>Стоит пробовать и выбирать то, что нравится именно вам! Высокая цена действительно указывает на то, что вы имеете дело с качественным продуктом, но если снюс имеет не слишком высокую цену &mdash; далеко не факт, что он плох.&nbsp;</p>\r\n</div>",
          "created_at":"2024-02-28T14:47:02.770Z",
          "author":14,
          "image":"blog_images/deshevyj-snyus-ili-dorogoj-optimized_uknRNNj.webp"
       }
    },
    {
       "model":"blog.blog",
       "pk":11,
       "fields":{
          "title":"Как отличить оригинальный снюс от подделки?",
          "slug":"kak-otlichit-originalnyj-snyus-ot-poddelki",
          "body":"<div>\r\n<p>Поддельный снюс на рынке встречается чаще, чем можно ожидать. Вместо натурального шведского снюса вы случайно можете купить его имитацию. И, поверьте, она будет очень отличаться от оригинала в худшую сторону.&nbsp;</p>\r\n\r\n<h2>Какая разница между подделкой и оригиналом?</h2>\r\n\r\n<p>Казалось бы, в чем проблема, если подделка качественная? Вы можете даже не заметить разницы! Зато заплатите меньше, чем заплатили бы при покупке оригинала. Но на деле качественных подделок снюса не бывает. Поддельный снюс:</p>\r\n\r\n<p>1. Не отвечает заявленной крепости. Может быть слишком крепким или напротив беспрецедентно слабым. У поддельного снюса эффект всегда будет отличаться от заявленного.&nbsp;</p>\r\n\r\n<p>2. Дешевые ароматизаторы. Они будут иметь химический привкус, неприятно пахнуть. В некоторых случаях даже плохого ароматизатора оказывается настолько мало, что пользователи его почти не чувствуют.</p>\r\n\r\n<p>3. Низкое качество табака. Табак для контрафактного снюса не проходит должной обработки, а качество сырья &mdash; низкое. Создатели подделок не придерживаются никаких нормативов. Снюс может быть жестким, с неприятным резким ароматом, вызывать обильное слюноотделение.&nbsp;</p>\r\n\r\n<p>4. Плохое качество фасовки. Если вы купили поддельный пакетированный снюс, то пакетики могут расклеиться во время использования и тогда все наполнители растекутся по рту.</p>\r\n\r\n<p>Это &mdash; самые распространенные проблемы, которые есть у поддельного снюса. Поэтому мы настаиваем: выбирайте только оригинальный снюс!</p>\r\n\r\n<h2>Как отличить оригинал от подделки?</h2>\r\n\r\n<p>Как проверить снюс на оригинальность &mdash; это достаточно просто. Создатели подделок не склонны делать свою работу качественно &mdash; и это играет на руку пользователям. Обращайте внимание на:</p>\r\n\r\n<h3>Шрифты, наименования, принт&nbsp;</h3>\r\n\r\n<p>Создатели неоригинальной продукции особо не заморачиваются. На их шайбах может быть ошибка в названии, а указание вкуса снюса может полностью отсутствовать. Могут использовать похожие, но другие шрифты. Если у вас есть подозрения, что вам в руки попалась подделка, найдите фотография оригинальных шайб, например, на нашем сайте и сравните их визуально. Подделка скорее всего будет иметь отличия, которая бросаются в глаза.&nbsp;</p>\r\n\r\n<p>Например, часто ошибаются в названии Oden&rsquo;s. Оригинальное название пишется с апострофом, на контрафакте чаще всего будет &laquo;Odens&raquo;.</p>\r\n\r\n<h2>Качество шайбы</h2>\r\n\r\n<p>Качество оригинальных шайб &mdash; это плотный и надежный пластик. Упаковка герметично закрывается, часто под крышкой есть отсек для использованных никпаков. Принт на шайбе &mdash; плотный и надежный, не царапается от малейшего прикосновения и не отслаивается.&nbsp;</p>\r\n\r\n<p>Если шайба из тонкого, как будто бумажного пластика, а краска &laquo;слазит&raquo; после того, как снюс 10 минут полежал у вас в кармане &mdash; вы имеете дело с подделкой.</p>\r\n\r\n<h3>Дата, месяц, год</h3>\r\n\r\n<p>Если вы покупаете зарубежный, а не российский снюс, дата выпуска будет написана в таком порядке:</p>\r\n\r\n<p>1. Год.&nbsp;</p>\r\n\r\n<p>2. Месяц.</p>\r\n\r\n<p>3. Число.&nbsp;</p>\r\n\r\n<p>Если, на российский манер, дата написана ДД/ММ/ГГ &mdash; это подделка.&nbsp;</p>\r\n\r\n<h2>Как отличить подделку у отдельных производителей?</h2>\r\n\r\n<p>Не у всех компаний есть собственные фишки, которые помогают распознать подделку. Но у некоторых они есть. Например:</p>\r\n\r\n<h3>Снюс Lyft</h3>\r\n\r\n<p>На оригинальной шайбе присутствует текстурный треугольник. Его легко обнаружить: просто проведите пальцем по задней наклейке возле красного ромба. Если треугольника нет &mdash; это не оригинальный Lyft.</p>\r\n\r\n<p><img alt=\"Как отличить оригинальный снюс от подделки? логотип\" class=\"entered lazyloaded wp-image-10325\" src=\"https://kupit-snus.in.ua/wp-content/uploads/2021/11/photo_2021-11-16_15-23-32-1-595x619-optimized.jpg\" style=\"height:619px; width:595px\" /></p>\r\n\r\n<h3>На некоторых видах снюса есть QR-код</h3>\r\n\r\n<p>Например, такой есть на снюсе Randm. Если вы считаете его своим смартфоном, то попадете на сайт производителя. Если код не считался &mdash; должны возникнуть вопросы.&nbsp;</p>\r\n\r\n<p><img alt=\"Как отличить оригинальный снюс от подделки? логотип\" class=\"entered lazyloaded wp-image-10327\" src=\"https://kupit-snus.in.ua/wp-content/uploads/2021/11/photo_2021-11-16_15-25-16-595x620-optimized.jpg\" style=\"height:620px; width:595px\" /></p>\r\n\r\n<h3>Существует снюс, который бывает только поддельным&nbsp;</h3>\r\n\r\n<p>Например, снюс Corvus&nbsp; по скольку оригинал больше не производят, производство закрылось.</p>\r\n\r\n<p>Мы работаем с проверенными поставщиками, которые поставляют исключительно оригинальную продукцию. В нашем ассортименте нет контрафакта. Поэтому, заказывая снюс у нас, вы можете быть уверены, что получите оригинальный продукт с заявленной крепостью, вкусом и качеством упаковки.</p>\r\n</div>",
          "created_at":"2024-02-28T14:51:03.986Z",
          "author":14,
          "image":"blog_images/kak-otlichit-originalnyj-snyus-optimized_9RpFn7f.webp"
       }
    },
    {
       "model":"blog.blog",
       "pk":12,
       "fields":{
          "title":"Самые необычные вкусы снюса",
          "slug":"samye-neobychnye-vkusy-snyusa",
          "body":"<div>\r\n<p>Ментоловые, мятные, кофейные и шоколадные вкусы стали слишком привычными? Табачный снюс имеет довольно ограниченную гамму вкусов, которая может надоесть опытным пользователям.&nbsp;</p>\r\n\r\n<p>Если вы ищете что-то по-настоящему необычное, обратите внимание на бестабачные смеси &mdash; в них встречаются потрясающие ароматы! Самые яркие и удивительные из них мы собрали в статье.&nbsp;</p>\r\n\r\n<h2>Почему нестандартные вкусы есть именно в бестабачных смесях?</h2>\r\n\r\n<p>Если снюс изготовлен на основе табака, то в нем всегда будут присутствовать табачные нотки. Нативный вкус табака может плохо сочетаться с посторонними ароматами, поэтому производители ставят ставку на проверенные комбинации.&nbsp;</p>\r\n\r\n<p>В бестабачном снюсе такой проблемы нет: в нем есть только никотин и целлюлоза, которая, по своей сути, безвкусна. Она максимально перенимает вкусовые качества ароматизатора, которым пропитана. А ограничений в том, какой амортизатор использовать, практически нет.&nbsp;</p>\r\n\r\n<h2>ТОП необычных вкусов</h2>\r\n\r\n<p>Хотите попробовать по-настоящему особенный снюс? Выбирайте один из наших вариантов!</p>\r\n\r\n<h3><a class=\"rank-math-link\" href=\"https://kupit-snus.in.ua/iceberg-popcorn/\">Iceberg Popcorn</a></h3>\r\n\r\n<p>Бренд &laquo;Айсберг&raquo; предлагает попробовать снюс со вкусом попкорна! Вы можете смело оставить себе шайбу только для одной цели: использовать его во время просмотра любимых фильмов. Аромат попкорна натуральный и яркий весь период использования, он позволит почувствовать, как будто вы находитесь на киносеансе. Впрочем, и в настоящем кинотеатре вы можете его легко использовать.&nbsp;</p>\r\n\r\n<p>Это крепкий снюс только для опытных пользователей. Содержание никотина в нем достигает 100 миллиграмм на 1 грамм продукта.</p>\r\n\r\n<h3><a class=\"rank-math-link\" href=\"https://kupit-snus.in.ua/faff-wafles/\">Faff WAFFLES</a></h3>\r\n\r\n<p>Снюс со вкусом вафли &mdash; идеальный вариант для ценителей ароматной и нежной выпечки. Он имитирует вкус сливочных хрустящих вафель, которые таят во рту. Если вы стараетесь отказаться от лишних углеводов, то &laquo;Фафф&raquo; создал для вас идеальную замену.&nbsp;</p>\r\n\r\n<p>Однако это очень крепкий снюс, который нужно использовать с осторожностью. Его крепость составляет 150 мг/г. При этом пакетики достаточно маленькие, поэтому никотиновый удар чаще всего не вызывает одышки, головокружения и тошноты. Но будьте бдительны: если почувствуете себя плохо, остановите прием.&nbsp;</p>\r\n\r\n<h3><a class=\"rank-math-link\" href=\"https://kupit-snus.in.ua/candy-jim-beam-apple/\">Candy Jim Beam Apple</a></h3>\r\n\r\n<p>Идеальный выбор для истинных ценителей не просто крепких напитков, а их вкуса. Снюс ощущается очень пряным, а послевкусие имеет приятные яблочные нотки &mdash; совсем как у яблочного &laquo;Джим Бим&raquo;.&nbsp;</p>\r\n\r\n<p>Тоже крепкий, 120 мг/г. Но за счет элегантного вкуса многие снюсеры останавливаются на нем и использует его постоянно. К тому же, в нем нет табака, а значит от него не пожелтеет эмаль зубов.&nbsp;</p>\r\n\r\n<h3><a class=\"rank-math-link\" href=\"https://kupit-snus.in.ua/arqa-milk-shake/\">Arqa Milk Shake</a></h3>\r\n\r\n<p>Помните, как в детстве летом вам постоянно покупали сладкие молочные коктейли со стойкой пенкой? Погрузиться в детство и почувствовать любимый вкус можно в любом месте и в любую погоду. Конечно, если у вас в кармане будет снюс &laquo;Арка&raquo; со вкусом молочного коктейля.</p>\r\n\r\n<p>Вкус яркий, но не назойливый, поэтому его можно использовать часто или даже постоянно.&nbsp;</p>\r\n\r\n<h3><a class=\"rank-math-link\" href=\"https://kupit-snus.in.ua/randm-lychee-lemonade/\">RANDM Lychee Lemonade&nbsp;</a></h3>\r\n\r\n<p>Возможно, вы в обычной жизни ни разу не пробовали лимонад из личи. Но не нужно искать его по ресторанам и супермаркетам &mdash; просто попробуйте снюс от &laquo;Рандм&raquo;! Это яркий тропический вкус, который полностью имитирует настоящий лимонад личи. Если вы любите тропические ароматы, этот тоже придется вам по вкусу.&nbsp;</p>\r\n</div>\r\n\r\n<div>&nbsp;</div>",
          "created_at":"2024-02-28T14:51:48.844Z",
          "author":14,
          "image":"blog_images/samye-neobychnye-vkusy-snyusa-optimized_D5RZOta.webp"
       }
    },
    {
       "model":"blog.blog",
       "pk":13,
       "fields":{
          "title":"Виды снюса: какие виды бывают, чем отличаются",
          "slug":"vidy-snyusa-kakie-vidy-byvayut-chem-otlichayutsya",
          "body":"<div>\r\n<p>Снюс &mdash; жевательный табак, который приобретает все большую популярность. Обычно начинающие пользователи выбирают пакетированный снюс легкой и средней крепости, но это не единственный показатель, на который нужно обращать внимания.</p>\r\n\r\n<h2><strong>Какой бывает снюс ?</strong></h2>\r\n\r\n<p>Снюс бывает табачным, влажным, сухим, бестабачным, порционным и рассыпным. Это не только показатель формы, но и его качественных характеристик. Про основные <strong>виды снюса</strong> рассказываем в статье.</p>\r\n\r\n<h3>Табачный снюс</h3>\r\n\r\n<p>Это классический снюс, основой которого являются настоящие листья табака. Их тщательно обрабатывают, чтобы минимизировать вредное воздействие на организм. Такой снюс имеет ощутимый табачный привкус и является более натуральным продуктом, чем бестабачный аналог.&nbsp;</p>\r\n\r\n<p>В табачный снюс добавляют различные ароматизаторы: от классической мяты до самых нестандартных вкусов. Однако, какой бы вкус вы не выбрали, легкий табачный аромат все равно будет присутствовать. У табачного снюса есть недостаток: если использовать его постоянно, от табака будет желтеть зубная эмаль.&nbsp;</p>\r\n\r\n<h2><strong>Бестабачный снюс</strong></h2>\r\n\r\n<p>Никотин для такого снюса добывают из листьев табака, однако сами листья в конечном продукте не используют. Вместо табачной основы здесь чаще всего используется целлюлоза. Еще могут использоваться сушеные листья мяты, древесные волокна.&nbsp;</p>\r\n\r\n<p>Основу пропитывают никотином и пищевыми ароматизаторами &mdash; они могут быть практически любыми. Аромата табака здесь не будет, если он не заявлен производителем, поэтому это отличный выбор для тех, кому вкус табака надоел или неприятен.&nbsp;</p>\r\n\r\n<p>В конечном продукте совсем нет табака, поэтому на зубную эмаль он не влияет. Крепость бестабачного снюса может быть практически любой и в некоторых продуктах достигает 249 мг/г. Однако на практике даже самый крепкий снюс может ощущаться по-разному и гораздо слабее заявленной крепости.&nbsp;</p>\r\n\r\n<p>Часто крепкий бестабачный снюс дает ощутимое жжение слизистой и слишком сильный никотиновый удар даже для подготовленных пользователей, поэтому крепкие сорта стоит использовать с осторожностью.&nbsp;</p>\r\n\r\n<h3>Порционный снюс&nbsp;&nbsp;</h3>\r\n\r\n<p>Это классификация снюса по типу фасовки. Порционный снюс &mdash; это самый привычный вариант для современного пользователя. Наполнитель равномерно расфасован по пакетикам, (стандартным, мини или слим) и пакетик нужно просто положить под губу, чтобы он начал действовать. Это самый удобный способ использования жевательного табака.&nbsp;</p>\r\n\r\n<h3>Влажный снюс (Original Portion)</h3>\r\n\r\n<p><img alt=\"Виды снюса: какие виды бывают, чем отличаются логотип\" class=\"entered lazyloaded wp-image-9871\" src=\"https://kupit-snus.in.ua/wp-content/uploads/2021/11/snus-595x407-optimized.jpg\" style=\"height:407px; width:595px\" /></p>\r\n\r\n<p><strong>Мокрый снюс</strong> дополнительно увлажняется на финальном этапе производства. Порции имеют коричневый оттенок и влажную текстуру. Из минусов &mdash; пакетики могу подтекать. Влажный снюс обладает резким и быстрым эффектом, а его вкус более яркий и всегда имеет табачный привкус.&nbsp;</p>\r\n\r\n<h3><strong>Сухой снюс </strong>(White dry)</h3>\r\n\r\n<p><img alt=\"Виды снюса: какие виды бывают, чем отличаются логотип\" class=\"entered lazyloaded wp-image-9873\" src=\"https://kupit-snus.in.ua/wp-content/uploads/2021/11/odens-kold-draj-v-otkrytoj-banochke-595x446-optimized.jpg\" style=\"height:446px; width:595px\" /></p>\r\n\r\n<p>Такой снюс не проходит этап дополнительного увлажнения, за счет чего получает свои главные преимущества: порции не подтекают. Он удобнее в применении, чем его влажный аналог. Пакетики серого цвета&nbsp;</p>\r\n\r\n<p>Эффект от сухого снюса наступает более плавно и постепенно, так как перед тем, как начать отдавать никотин, никпак сначала должен пропитаться слюной.</p>\r\n\r\n<h3><strong>Рассыпной снюс&nbsp;</strong></h3>\r\n\r\n<p><img alt=\"Виды снюса: какие виды бывают, чем отличаются логотип\" class=\"entered lazyloaded wp-image-9875\" src=\"https://kupit-snus.in.ua/wp-content/uploads/2021/11/image000000002-1-595x349-optimized.jpg\" style=\"height:349px; width:595px\" /></p>\r\n\r\n<p>Такой снюс не фасуют, а продают в рассыпном варианте проще говоря это снюс без пакетика. Пользователь сам формирует размер порции . Есть два способа:</p>\r\n\r\n<ol>\r\n\t<li>Вручную скатывать табак в шарики и эти шарики закладывать под губу. Тут важно уметь правильно определять размер порции, которая вам подходит.</li>\r\n\t<li>Использовать специальный дозатор, который поможет правильно отмерить количество табака для одной сессии.</li>\r\n</ol>\r\n\r\n<p>Рассыпной снюс &mdash; это продукт для больших ценителей табачного снюса с индивидуальными потребностями. Если вы &mdash; новичок или не готовы заморачиваться с размерами порций, лучший используйте порционный снюс.&nbsp;</p>\r\n</div>",
          "created_at":"2024-02-28T14:52:59.337Z",
          "author":14,
          "image":"blog_images/kakie-byvayut-vidy-snyusa-optimized_kP2DUHx.webp"
       }
    },
    {
       "model":"blog.blog",
       "pk":14,
       "fields":{
          "title":"Как сделать снюс в домашних условиях",
          "slug":"kak-sdelat-snyus-v-domashnih-usloviyah",
          "body":"<p>Как сделать снюс в домашних условиях</p>\r\n\r\n<p>Снюс можно не только покупать, но и готовить! Как? Рассказываем в статье.&nbsp;</p>\r\n\r\n<h2><strong>Снюс в домашних условиях:</strong> что понадобится для приготовления?</h2>\r\n\r\n<p>Для создания домашнего снюса вам понадобится табак, фильтрованная вода 1,6 литра, соль 160 г, 80 г пищевой соды, 30 мл глицерина и 10 мл натурального масла с мощным ароматом. Рекомендуем начать с мятного, а далее можно добавлять и другие масла с ярким ароматом.&nbsp;</p>\r\n\r\n<p>Но это не все &mdash; под рукой нужно иметь сито, пластиковые контейнеры и мультиварку с режимом подогрева. А еще вам понадобится терпение, потому что настоящий шведский снюс готовится 6-7 суток (без учета выращивания табака).</p>\r\n\r\n<p>Некоторые выращивают и высушивают табак самостоятельно, но это долго, сложно и требует места. Лучше всего заказывать готовые табачные листья в сигаретной нарезке. Измельчать лист можно и самостоятельно, но для этого понадобится специальное оборудование &mdash; куттер. В нашем рецепте куттер вам не пригодится.</p>\r\n\r\n<h2><strong>Рецепт снюса:</strong> горячая ферментация</h2>\r\n\r\n<p>Первое, что нужно сделать, если вы используете уже мелкорубленный табак (в случае, если готовите его сами, сначала его нужно измельчить и просеять), это закипятить воду. Для дополнительного аромата в воду можно добавить хвойные ветки, листья мяты, можжевеловые ягоды.</p>\r\n\r\n<p>Если вы кипятили воду с ароматизаторами, пролейте ее через сито и уберите ветки/ягоды/листья. Далее:</p>\r\n\r\n<ol>\r\n\t<li>Добавьте в воду соль и соду, тщательно размешайте.&nbsp;</li>\r\n\t<li>Засыпьте табак в мультиварку.&nbsp;</li>\r\n\t<li>Залейте табак водой и размешайте смесь.&nbsp;</li>\r\n</ol>\r\n\r\n<p>Варите 6-7 дней безостановочно на режиме подогрева при температуре 90 градусов. Раз в сутки содержимое нужно перемешивать.&nbsp;</p>\r\n\r\n<p>В этом процессе есть нюанс: табак будет давать мощный запах, поэтому постарайтесь варить снюс так, чтобы запах вам не мешал (например, на балконе). И по этой же причине будьте готовы к тому, что мультиварку после приготовления снюса вы сможете использовать только для ферментации табака.</p>\r\n\r\n<h2><strong>Как готовить снюс:</strong> холодная ферментация</h2>\r\n\r\n<p>Подготовьте контейнеры, в котором продолжите ферментировать снюс после варения. Подойдут обычные пластиковые с крышкой. В качестве ароматизаторов подготовьте натуральное лимонное, ментоловое, апельсиновое или другое эфирное масло. Можно смешать два масла, но больше двух не стоит &mdash; вкус вряд ли получится приятным.</p>\r\n\r\n<p>От избытка влаги табак избавить просто &mdash; сначала слейте лишнюю влагу через сито, затем отожмите табак через марлю. После этого равномерно распределите табак в контейнерах и полейте его пузырьком масла, перемешайте смесь. Для удержания влаги добавьте глицерин, но это необязательно.&nbsp;</p>\r\n\r\n<p>Важно: соблюдайте чистоту! Перемешивать табак можно либо чистой ложкой, либо в стерильных перчатках.&nbsp;</p>\r\n\r\n<p>Теперь снюс готов к употреблению! Вы получили рассыпной снюс домашнего приготовления. Использовать его можно также, как используют любой рассыпной: скатывать в шарик и закладывать под губу.&nbsp;</p>\r\n\r\n<h2>Что лучше: снюс домашний или магазинный?</h2>\r\n\r\n<p>Здесь надо пробовать, но важно понимать, что с первого раза качественный домашний снюс может не получиться: тут, скорее всего, придется поэкспериментировать перед тем, как создать идеальный для вас вариант. У вас не выйдет полноценно контролировать крепость, а приготовление принесет целый ряд неудобств: это долго, дурно пахнет, требует вложений и может закончиться неудачей.&nbsp;</p>\r\n\r\n<p>Купить готовый вариант гораздо проще. Если вы выбираете снюс проверенного производителя, вы точно получаете и заявленную крепость, и вкус. Кроме того, если выберете порционный вариант, расфасованный по пакетикам, использовать его будет особенно удобно.&nbsp;</p>\r\n\r\n<p>Приготовление снюса в домашних условиях &mdash; занятие для настоящих фанатов, которых не смущают неудобства. Если же у вас нет времени на приготовления снюса и лишней мультиварки, лучше заказывайте готовый вариант.&nbsp;</p>",
          "created_at":"2024-02-28T14:54:21.712Z",
          "author":14,
          "image":"blog_images/kak-sdelat-snyus-optimized_o03z8cB.webp"
       }
    },
    {
       "model":"blog.blog",
       "pk":15,
       "fields":{
          "title":"Преимущества снюса",
          "slug":"preimushestva-snyusa",
          "body":"<div>\r\n<p>Снюс &mdash; это бездымный способ получения никотина, который имеет ряд преимуществ над курительными способами употребления табака.</p>\r\n\r\n<h2>7 Преимуществ снюса</h2>\r\n\r\n<p>Мы выделили главные преимущества снюса, из-за которых все больше и больше людей переходят на снюс.</p>\r\n\r\n<h3>Не вредит окружающим</h3>\r\n\r\n<p>Причина пассивного курения &mdash; это дым, который выдыхает активный курильщик. Пакетик снюса закладывают под губу, организм получает никотин через слизистую оболочку рта. Это абсолютно безопасный способ употребления никотина для окружающих людей.&nbsp;</p>\r\n\r\n<h3>Меньше вред здоровью</h3>\r\n\r\n<p>И это тоже заслуга &laquo;бездымности&raquo;. Основные канцерогены &mdash; это продукты горения. Именно смолы оседают в легких и вызывают тяжелые заболевания. Если вы употребляете жевательный табак, то продуктов горения тут просто нет. Для слизистой рта рисков тоже значительно меньше &mdash; качественный снюс изготавливают из предварительно обработанных отборных листьев табака, которые минимально вредны организма.&nbsp;</p>\r\n\r\n<h3>Можно использовать в самолете</h3>\r\n\r\n<p>И не только в самолете, но в квартире, офисе, поезде &mdash; использование снюса не запрещено в общественных местах и помещениях. По факту окружающие даже не заметят, что в момент разговора с ними вы употребляете никотин &mdash; подушечки комфортно располагаются под губой и не мешают артикуляции. Со снюсом больше нет необходимости искать места для курения и ловить на себе неодобрительные взгляды молодых мам &mdash; снюс абсолютно незаметен.&nbsp;</p>\r\n\r\n<h3>Не оставляет запаха</h3>\r\n\r\n<p>Да, в самом снюсе часто есть ароматизаторы, но они ощущаются только во рту. При этом ощущаются приятно и натурально. Максимум, чем от вас будет пахнуть в момент разговора &mdash; легким ягодным, фруктовым или другим ароматом. Однако и этот аромат пропадает практически сразу после использования снюса.&nbsp;</p>\r\n\r\n<p>О неприятном запахе дыма, который въедается в одежду и волосы, о желтых следах от смол на ногтях можно забыть навсегда. Со снюсом этого больше не будет.&nbsp;</p>\r\n\r\n<h3>Экономия денег</h3>\r\n\r\n<p>Минимальная цена пачки сигарет среднего качества на момент написания статьи &mdash; это 60 гривен, но хорошие сигареты или стики для систем нагревания табака стоят ощутимо дороже. Такой пачки классическому курильщику в среднем хватает на 1 день. Цена за шайбу снюса в среднем составляет 200 гривен, при этом ее хватает на 4-6 дней использования.&nbsp;</p>\r\n\r\n<p>Некоторые используют одну шайбу больше недели! Снюс дает большее насыщение никотином, поэтому его вы не будете использовать также часто, как сигареты. Снюс выходит значительно дешевле и сигарет, и стиков.</p>\r\n\r\n<h3>Компактная упаковка</h3>\r\n\r\n<p>Шайбу со снюсом удобно носить в кармане, рюкзаке и сумке-бананке. Об использованных никпаках тоже не придется беспокоиться &mdash; под крышкой шайбы находится отсек, предназначенный для хранения использованного снюса.&nbsp;</p>\r\n\r\n<h3>Большой выбор вкусов</h3>\r\n\r\n<p>От вкуса табака с ментолом до вкуса пирога &mdash; здесь действительно есть, из чего выбрать! Разнообразны не только вкусы, но и бренды. Надоел вкус? Просто попробуйте что-то новое.<br />\r\nЕсли не можете определиться с выбором вкуса мы поможем вам , самые лучше вкусы снюса <a class=\"rank-math-link\" href=\"https://kupit-snus.in.ua/2021/09/29/luchshie-vkusy-snyusa/\">https://kupit-snus.in.ua/2021/09/29/luchshie-vkusy-snyusa/</a></p>\r\n</div>",
          "created_at":"2024-02-28T14:55:08.395Z",
          "author":14,
          "image":"blog_images/preimushhestva-snyusa-optimized_1YG7VlQ.webp"
       }
    },
    {
       "model":"blog.blog",
       "pk":16,
       "fields":{
          "title":"Никотиновые паучи что это ?",
          "slug":"nikotinovye-pauchi-chto-eto",
          "body":"<div>\r\n<p><strong>Никотиновые паучи &mdash; это </strong>подушечки, пропитанные никотином, в которых полностью отсутствует табак. Почему это удобно и кому подходит эта продукция? Разбираемся в статье.&nbsp;</p>\r\n\r\n<h2><strong>Никотиновые паучи </strong>&mdash; тот же снюс?</h2>\r\n\r\n<p>Не совсем Снюс &mdash; это изделие, изготовленное на основе табака. В паучах табак отсутствует полностью. Никотин, который находится в паучах добывают из табака и пропитывают им целлюлозную основу. Для вкуса добавляют ароматизаторы и воду, поэтому паучи могут быть практически любого вкуса.&nbsp;</p>\r\n\r\n<p>Но используют и паучи, и снюс одинаково: их закладывают под губу, немного сдвигая от центра. Никотин впитывается в кровь через слизистую оболочку десен.&nbsp;</p>\r\n\r\n<h2><strong>Паучи никотиновые</strong> безопаснее снюса и сигарет?</h2>\r\n\r\n<p>Для того, чтобы получить никотин из паучей, не нужен процесс горения. Именно в ходе горения из табака высвобождаются самые опасные канцерогены, которые опасны для здоровья. В бездымных видах табака, например, шведском снюсе, канцерогенов меньше, но есть другие минусы.&nbsp;</p>\r\n\r\n<p>Канцерогены из табака в табачном снюсе попадают на слизистую оболочку и негативно влияют на нее. Кроме того, сложно отрицать влияние на зубную эмаль: табачный снюс оставляет пятна, а если вы используете его постоянно, желтого цвета зубов вам не избежать.&nbsp;</p>\r\n\r\n<p>Паучи в этом смысле гораздо безопаснее и снюса, и сигарет. В паучах никотин добывается так, чтобы исключить любое, даже минимальное присутствие табака. Отсутствие табака снижает риск повреждения слизистой и полностью исключает возможность повреждения эмали. Поэтому можно однозначно ответить: паучи безопаснее и табачного снюса, и сигарет.&nbsp;</p>\r\n\r\n<p>А еще паучи безопаснее не только снюса и сигарет, но и любой системы нагревания табака.</p>\r\n\r\n<h2>Можно ли бросить курить, если перейти на паучи?</h2>\r\n\r\n<p>Да, можно. Паучи будут полностью закрывать вашу потребность в никотине, а значит вы не почувствуете даже минимального абстинентного синдрома. Если захочется покурить, просто используйте пауч &mdash; организм получит никотин, и желание курить пропадет.&nbsp;</p>\r\n\r\n<p>Но важно понимать, что паучи от никотиновой зависимости не избавят, только от привычки курения.&nbsp;</p>\r\n\r\n<p>Поэтому если вы никогда не курили, паучи пробовать не стоит &mdash; они вызывают зависимость, как и любой другой никотиносодержащий продукт. Но если вы уже имеете зависимость от никотина, перейти на паучи &mdash; действительно хорошее решение.</p>\r\n\r\n<p>Кстати, отказаться от никотиновых паучей проще, чем от сигарет: отказываясь от сигарет, вы достаточно радикально меняете ваши жизненные привычки. Больше не выходите на перекуры, не держите в руках сигарету. Когда отказ от привычки умножается на недостачу никотина, бросить курить становится по-настоящему сложно.&nbsp;</p>\r\n\r\n<p>С никотиновыми паучами гораздо проще: вы только отказываетесь от никотина, не внося значительные коррективы в привычный распорядок дня.</p>\r\n\r\n<h2>Если я решил <strong>купить никотиновые паучи,</strong> какие преимущества я получу?</h2>\r\n\r\n<p>Кроме очевидного &mdash; возможности отказа от сигарет, вы получаете:</p>\r\n\r\n<ol>\r\n\t<li>Возможность получать никотин где угодно. <strong>Ник пак</strong> можно использовать в поездах, самолетах, в офисе или ресторане &mdash; нет дыма, нет проблем!</li>\r\n\t<li>Ваше окружение не становится пассивными курильщиками. Вы получаете никотин, но не доставляете неудобств окружающим и не несете опасность вашим близким.&nbsp;</li>\r\n\t<li>Ваши зубы сохраняют свой природный цвет. Желтизна на зубах курильщика или поклонника снюса не всегда убирается даже у профессионального стоматолога, никотиновые паучи абсолютно безопасны для зубов.&nbsp;</li>\r\n</ol>\r\n\r\n<p>Но, конечно, главное преимущество &mdash; это то, что вы бережете ваше здоровье!</p>\r\n\r\n<h2>Какие паучи самые популярные?</h2>\r\n\r\n<p><strong>Никотиновые паучи Velo </strong><a href=\"https://kupit-snus.in.ua/velo/\"><strong>https://kupit-snus.in.ua/velo/</strong></a> Они подойдут вам, если вы классический курильщик &mdash; выкуриваете около пачки средних по крепости сигарет в день. Купить их вы можете в нашем интернет-магазине.&nbsp;</p>\r\n</div>",
          "created_at":"2024-02-28T14:57:37.041Z",
          "author":14,
          "image":"blog_images/nikotinovye-pauchi--optimized_FInSXAD.webp"
       }
    },
    {
       "model":"blog.blog",
       "pk":17,
       "fields":{
          "title":"Как выбрать снюс Новичку?",
          "slug":"kak-vybrat-snyus-novichku",
          "body":"<p>Скорее всего, вы не новичок в никотиновой продукции, если решили попробовать снюс. Однако если до сегодняшнего дня вы никогда не пробовали жевательный табак, мы рекомендуем внимательно отнестись к выбору продукта.&nbsp;</p>\r\n\r\n<h2><strong>Как выбрать снюс?</strong></h2>\r\n\r\n<p>Главное, на что стоит обращать внимание &mdash; это крепость. Но о ней поговорим чуть позже.&nbsp;</p>\r\n\r\n<p>Как правило, <strong>виды снюса</strong> делятся на две главных категории. Мы кратко о них расскажем в нашей статье, а более подробно можно ознакомиться тут &mdash; <a href=\"https://kupit-snus.in.ua/tabachnyj-i-bestabachnyj-snyus-v-chem-raznicza/\">Табачный и бестабачный снюс &mdash; в чем разница ?</a></p>\r\n\r\n<ol>\r\n\t<li>Табачный снюс. Это смесь на основе табака и ароматизаторов. Они умеренно крепкие, имеют табачный привкус и подходят приверженцам табачных никотиновых изделий. Табак перед фасовкой тщательно обрабатывают, поэтому он содержит меньше вредных веществ и канцерогенов, чем, например, сигареты. Из минусов: такой снюс оставляет налет на зубах и, если вы отбеливаете зубы, есть вероятность, что они будут быстрее желтеть.</li>\r\n\t<li>Бестабачный снюс. Основа такого снюса чаще всего &mdash; органическая целлюлоза, однако встречаются древесные волокна, сушеные листья мяты. В его состав, помимо основы, входит пищевой глицерин, соль, сода и ароматизаторы. Такой снюс отличается насыщенным вкусом, который дает пищевой ароматизатор. При этом красителей и табака в таком снюсе нет, поэтому зубы останутся белыми, а вкус будет ощущаться без табачного привкуса.&nbsp;</li>\r\n</ol>\r\n\r\n<p>Также снюс бывает рассыпной и порционный.&nbsp;</p>\r\n\r\n<p>Порционный &mdash; самый популярный. Он особенно хорошо подходит для новичков, так как вы точно не ошибитесь с дозировкой.&nbsp;</p>\r\n\r\n<p>Используя рассыпной жевательный табак, вы сами формируете порцию, поэтому можете закинуть либо слишком мало, либо много. Новичкам рекомендуем использовать именно порционный снюс для того, чтобы получить эффект, заявленный производителем.</p>\r\n\r\n<h2>Как купить снюс, идеальный по крепости?</h2>\r\n\r\n<p>Существует три вида снюса с точки зрения крепости (мг никотина на 1 г продукта).</p>\r\n\r\n<h3>Крепкий снюс&nbsp;&nbsp;</h3>\r\n\r\n<p>Самые крепкие виды снюса &mdash; это бестабачные смеси. Максимальная крепость, заявленная производителем &mdash; 249 мг/г. Для табачного варианта высокая крепость &mdash; это снюс, крепче 30 мг/г.&nbsp; Он подойдет вам в том случае, если вы курите крепкие сигареты в большом количестве (более пачки в день), уже пробовали и хорошо перенесли насвай. Если же вы не страстный курильщик, с этого продукта лучше не начинать. Он может вызывать перенасыщение никотином, тошноту, головную боль и сильное жжение слизистой.&nbsp;</p>\r\n\r\n<p>Примеры крепкого снюса:</p>\r\n\r\n<p><a href=\"https://kupit-snus.in.ua/cuba-ninja-energy-150-mg/\">Cuba Ninja Energy 150 mg</a></p>\r\n\r\n<p><a href=\"https://kupit-snus.in.ua/siberia-80-degrees-white-dry/\">Siberia -80 Degrees</a></p>\r\n\r\n<p><a href=\"https://kupit-snus.in.ua/fedrs-mint-hard/\">Fedrs Mint Hard</a></p>\r\n\r\n<p><a href=\"https://kupit-snus.in.ua/pablo-ice-cold/\">Pablo Ice Cold</a></p>\r\n\r\n<h3>Средний снюс</h3>\r\n\r\n<p>Крепость среднего снюса стартует от 20 мг/г до 26-29 мг/г. Это &mdash; вариант для классических курильщиков, которые курят сигареты от 0.4 до 0.6 крепости ежедневно в количестве примерно 1 пачка сигарет в день. Вы хорошо перенесете такую концентрацию никотина и легко откажетесь от сигарет в пользу жевательного табака или бестабачной никотиновой смеси.</p>\r\n\r\n<p>Также такой снюс отлично подходит для тех, кто регулярно курит кальян.&nbsp;</p>\r\n\r\n<p>Примеры снюс средней крепости:</p>\r\n\r\n<p><a href=\"https://kupit-snus.in.ua/white-fox-slim/\">White Fox All White</a></p>\r\n\r\n<p><a href=\"https://kupit-snus.in.ua/vika-deep-blue-all-white/\">Vika Deep Blue</a></p>\r\n\r\n<p><a href=\"https://kupit-snus.in.ua/baron-classic-gold/\">Baron Classic Gold</a></p>\r\n\r\n<h3>Легкий снюс</h3>\r\n\r\n<p>Снюс, крепость которого не превышает 20 мг/г. Он для вас, если вы курите сигареты от случая к случаю, изредка наслаждаетесь кальяном или не курите вообще. Его воздействие минимально, поэтому даже у неподготовленных пользователей он не вызовет сильного эффекта. Обычно такой снюс держат под рукой те, кто полностью хочет отказаться от курительного табака, но в компании все-таки может выкурить сигарету.&nbsp;</p>\r\n\r\n<p>Примеры легкого снюса:</p>\r\n\r\n<p><a href=\"https://kupit-snus.in.ua/lips-original/\">Lips Original</a></p>\r\n\r\n<p><a href=\"https://kupit-snus.in.ua/haiza-cbd/\">Haiza CBD</a></p>\r\n\r\n<p><a href=\"https://kupit-snus.in.ua/xqs-blueberry-mint-light/\">XQS Blueberry Mint Light</a></p>\r\n\r\n<h3>Размер &ndash; это важно</h3>\r\n\r\n<p>Еще одним важным фактором, на который стоит обратить внимание при выборе снюса, является его размер.</p>\r\n\r\n<p>Как мы уже говорили, для начала стоит выбирать порционный снюс, который расфасован по пакетикам стандартного или тонкого размеров. Несомненно, новичку стоит выбирать слим размер, который имеет продолговатую и тонкую форму, за счет которой пакетик идеально прилегает к десне и абсолютно незаметен при разговоре.</p>\r\n\r\n<h2>Лучший снюс для новичка ТОП 5&nbsp;</h2>\r\n\r\n<p>мы представляем топ 5 снюсов, идеально подходящих для новичков, с особыми акцентами на их вкусовые характеристики и уровень никотина.</p>\r\n\r\n<p>1. Planet Orange</p>\r\n\r\n<p><img alt=\"Как выбрать снюс Новичку? логотип\" class=\"entered lazyloaded wp-image-32963\" src=\"https://kupit-snus.in.ua/wp-content/uploads/2023/06/planet-snus-photo-595x335-optimized.jpg\" style=\"height:335px; width:595px\" /></p>\r\n\r\n<p>Planet Orange &mdash; польский снюс высокого качества с изумительным вкусом апельсина. Этот снюс предлагает свежие и в меру сладкие порции тонкого размера, которые идеально садятся под губу. Содержание никотина составляет 16 мг, что делает его пригодным для новичков, которые хотят ощутить умеренное никотиновое воздействие.</p>\r\n\r\n<p>2. Killa Blueberry</p>\r\n\r\n<p><img alt=\"Как выбрать снюс Новичку? логотип\" class=\"entered lazyloaded wp-image-32964\" src=\"https://kupit-snus.in.ua/wp-content/uploads/2023/06/killa-snus-photo-595x335-optimized.jpg\" style=\"height:335px; width:595px\" /></p>\r\n\r\n<p>Killa Blueberry &mdash; известный снюс датского производства. Он также содержит 16 мг никотина и предлагает мягкие и тонкие порции, которые максимально комфортны в использовании. Благодаря своему приятному вкусу черники, Killa Blueberry станет отличным выбором для новичков.</p>\r\n\r\n<p>3. Cuba White Watermelon</p>\r\n\r\n<p><img alt=\"Как выбрать снюс Новичку? логотип\" class=\"entered lazyloaded wp-image-32965\" src=\"https://kupit-snus.in.ua/wp-content/uploads/2023/06/cuba-snus-watermelon-photo-595x335-optimized.jpg\" style=\"height:335px; width:595px\" /></p>\r\n\r\n<p>Что может быть вкуснее спелого арбуза? Только никотиновые паучи Cuba White Watermelon. Этот снюс сочетает хорошее никотиновое насыщение с восхитительным вкусом арбуза. Благодаря своей сбалансированной формуле, он подходит как для новичков, так и для опытных пользователей.</p>\r\n\r\n<p>4. Lips Strawberry</p>\r\n\r\n<p><img alt=\"Как выбрать снюс Новичку? логотип\" class=\"entered lazyloaded wp-image-32966\" src=\"https://kupit-snus.in.ua/wp-content/uploads/2023/06/lips-snus-photo-595x335-optimized.jpg\" style=\"height:335px; width:595px\" /></p>\r\n\r\n<p>Lips Strawberry &mdash; высококачественный снюс с насыщенным вкусом клубники. Содержание никотина составляет 16 мг, что делает его хорошим вариантом для новичков, желающих получить достаточное никотиновое удовлетворение. Вкус клубники добавляет нотку сладости и освежающий оттенок этому снюсу.</p>\r\n\r\n<p>5. White Fox Full Charge</p>\r\n\r\n<p><img alt=\"Как выбрать снюс Новичку? логотип\" class=\"entered lazyloaded wp-image-32967\" src=\"https://kupit-snus.in.ua/wp-content/uploads/2023/06/white-fox-full-charge-snus-photo-595x335-optimized.jpg\" style=\"height:335px; width:595px\" /></p>\r\n\r\n<p>Если вы любитель мятных вкусов, то снюс White Fox Full Charge точно понравится вам. В шайбе этого снюса содержится 20 ароматных порций стандартного размера с крепостью 16,5 мг. Благодаря своей мятной свежести, White Fox Full Charge может стать отличным выбором для новичков.</p>\r\n\r\n<p>Если вы хотите узнать больше о различных снюсах и их рейтинге, рекомендуем прочитать вам статью у нас на сайте&nbsp;<a href=\"https://kupit-snus.in.ua/luchshij-snyus/\">Рейтинг лушего снюса</a>&nbsp;</p>\r\n\r\n<p>Выбор снюса для новичка &mdash; это индивидуальный процесс, и рекомендуется пробовать разные варианты, чтобы найти наиболее подходящий для себя.&nbsp;</p>\r\n\r\n<p>Помните, что никотин &mdash; это сильное вещество, и его употребление следует ограничивать в соответствии с рекомендациями производителя и своими собственными предпочтениями.</p>\r\n\r\n<div>\r\n<div>\r\n<div>&nbsp;</div>\r\n</div>\r\n</div>",
          "created_at":"2024-02-28T14:58:55.367Z",
          "author":14,
          "image":"blog_images/kak-vybrat-snyus-novichku-optimized_VhjHBTj.webp"
       }
    },
    {
       "model":"blog.blog",
       "pk":18,
       "fields":{
          "title":"Лучшие вкусы снюса",
          "slug":"luchshie-vkusy-snyusa",
          "body":"<div>\r\n<h1>ТОП актуальных вкусов снюса в нашем ассортименте</h1>\r\n\r\n<p><strong>Самый вкусный снюс</strong> &mdash; это тот снюс, который нравится именно вам. Но есть популярные позиции, которые выбирают наши клиенты именно за счет отличных вкусовых характеристик. Об этих продуктах сегодня и поговорим.</p>\r\n\r\n<h2><strong>Какие есть вкусы снюса?</strong></h2>\r\n\r\n<p>Чаще всего снюс имеет табачный вкус с фруктовым или ягодным ароматизатором. Популярны мятные ароматы, однако существуют и более необычные решения: это снюсы со вкусом энергетика и даже пирога.&nbsp;</p>\r\n\r\n<p>Главное, что делает <strong>вкусы снюса </strong>особенно приятными &mdash; это ароматизаторы. Если производитель использует качественный ароматизатор, то вкус снюса будет ощущаться очень природным, а послевкусие не будет иметь химического привкуса.&nbsp;</p>\r\n\r\n<p>Именно такие никотиновые подушечки чаще всего выбирают опытные пользователи: с чистым и насыщенным вкусом, приятным послевкусием.&nbsp;</p>\r\n\r\n<h2>Наш ТОП вкусов снюса&nbsp;</h2>\r\n\r\n<p>Если вы ищете качественный и вкусный снюс, то можете смело пробовать подушечки из нашего списка.&nbsp;</p>\r\n\r\n<h3><a class=\"rank-math-link\" href=\"https://kupit-snus.in.ua/iceberg-energy/\">Iceberg Energy</a> &mdash; снюс со вкусом энергетика</h3>\r\n\r\n<p><a href=\"https://kupit-snus.in.ua/iceberg-energy/\"><img alt=\"Лучшие вкусы снюса логотип\" class=\"entered lazyloaded wp-image-7569\" src=\"https://kupit-snus.in.ua/wp-content/uploads/2021/02/iceberg-energy-optimized.jpg\" style=\"height:500px; width:500px\" /></a></p>\r\n\r\n<p>Iceberg Energy &mdash; это необычный снюс. У него кисло-сладкий привкус, копирующий вкус классических энергетиков. Но, в отличие от энергетических напитков, этот продукт бодрит и расслабляет одновременно. Это бестабачный снюс, поэтому вкус будет ощущаться максимально полно.</p>\r\n\r\n<p>Iceberg имеет довольно высокую крепость &mdash; 75 мг/г. Рекомендуем его опытным пользователям, новичкам он не подойдет.</p>\r\n\r\n<h3><a class=\"rank-math-link\" href=\"https://kupit-snus.in.ua/zuzu-summer-extreme/\">ZUZU Summer Extreme</a> &mdash; <strong>снюс со вкусом арбуза&nbsp; </strong></h3>\r\n\r\n<p><a href=\"https://kupit-snus.in.ua/luchshie-vkusy-snyusa/kupit-snus.in.ua/zuzu-summer-extreme/\"><img alt=\"Лучшие вкусы снюса логотип\" class=\"entered lazyloaded wp-image-3153\" src=\"https://kupit-snus.in.ua/wp-content/uploads/2020/12/zuzul-summer-optimized.jpg\" style=\"height:600px; width:600px\" /></a></p>\r\n\r\n<p>Лето прошло, а снюс со вкусом арбуза остался. Правда, ZUZU Summer Extreme &mdash; это не только арбуз, но и дыня. Два самых ярких вкуса лета в одной подушечке!</p>\r\n\r\n<p>ZUZU &mdash; это снюс от производителя Faff. Снюс бестабачный: вкус будет чистым, а сам продукт не оставит желтых следов на зубах. Он очень крепкий &mdash; 150 мг/г, поэтому подходит только для опытных пользователей.&nbsp;</p>\r\n\r\n<h3><a class=\"rank-math-link\" href=\"https://kupit-snus.in.ua/faff-raspberry-jingle/\">FAFF Raspberry Jingle</a> &mdash; снюс со вкусом малины</h3>\r\n\r\n<p><a href=\"https://kupit-snus.in.ua/faff-raspberry-jingle/\"><img alt=\"Лучшие вкусы снюса логотип\" class=\"entered lazyloaded wp-image-6399\" src=\"https://kupit-snus.in.ua/wp-content/uploads/2021/05/faff-raspberry-jingle-595x595-optimized.jpg\" style=\"height:595px; width:595px\" /></a></p>\r\n\r\n<p>Если вы цените ягодные вкусы, то малиновый Faff &mdash; точно для вас. Нежный и свежий малиновый аромат будет ощущаться очень натурально, поэтому вы легко сможете наслаждаться и вкусом ягоды, и расслаблением от никотина одновременно. Faff знают толк в ароматизаторах, так что вам не волнуйтесь: никакого неприятного послевкусия не случится.&nbsp;</p>\r\n\r\n<p>В этом снюсе также нет табака. Крепость: 65 мг/г.</p>\r\n\r\n<h3><a class=\"rank-math-link\" href=\"https://kupit-snus.in.ua/faff-cola\">FAFF Cola</a> &mdash; <strong>снюс со вкусом колы&nbsp; </strong></h3>\r\n\r\n<p><a href=\"https://kupit-snus.in.ua/faff-cola\"><img alt=\"faff cola снюс купить\" class=\"entered lazyloaded wp-image-1405\" src=\"https://kupit-snus.in.ua/wp-content/uploads/2020/04/faff-cola-1-optimized.jpg\" style=\"height:454px; width:463px\" /></a></p>\r\n\r\n<p>Если вы обожаете колу, то влюбитесь и в снюс с ее вкусом! Это также бестабачный продукт, поэтому ароматизатор колы ощущается очень четко, без лишних примесей. Вкус ярко выражен все время, не теряется к концу использования. Некоторое время после употребления вы можете чувствовать аромат колы во рту.&nbsp;</p>\r\n\r\n<p>Крепость составляет 65 мг/г, поэтому этот снюс тоже подходит только опытным пользователям. Если вы начали знакомиться с жевательным табаком и никотиновыми продуктами, используйте этот снюс очень осторожно.</p>\r\n\r\n<h3><a class=\"rank-math-link\" href=\"https://kupit-snus.in.ua/iceberg-melon-mix/\">Iceberg Melon MIX</a> &mdash; <strong>снюс со вкусом дыни </strong></h3>\r\n\r\n<p><a href=\"https://kupit-snus.in.ua/iceberg-melon-mix/\"><img alt=\"Лучшие вкусы снюса логотип\" class=\"entered lazyloaded wp-image-7576\" src=\"https://kupit-snus.in.ua/wp-content/uploads/2021/07/iceberg-melon-mix-optimized.jpg\" style=\"height:500px; width:500px\" /></a></p>\r\n\r\n<p>Еще один вкус, напоминающий о лете &mdash; Iceberg Melon MIX. Если закинете подушечку этого снюса, почувствуете вкус сладкой и спелой дыни, которую даже в сезон отыскать очень сложно!</p>\r\n\r\n<p>Это тоже крепкий снюс &mdash; 75 мг/г, поэтому используйте его с осторожностью. В составе нет табака.&nbsp;</p>\r\n\r\n<p>Хотите заказать какой-то из этих продуктов? Сделайте заказ на нашем сайте! Гарантируем качественный снюс и быструю доставку.</p>\r\n</div>\r\n\r\n<div>&nbsp;</div>",
          "created_at":"2024-02-28T15:01:12.568Z",
          "author":14,
          "image":"blog_images/luchshie-vkusy-snyusa--optimized_LUbjlBG.webp"
       }
    },
    {
       "model":"blog.blog",
       "pk":19,
       "fields":{
          "title":"Is snus banned in Ukraine?",
          "slug":"is-snus-banned-in-ukraine",
          "body":"<div>\r\n<p>Снюс &mdash; табачное изделие со сравнительно большой дозой никотина. В некоторых странах он популярнее сигарет, в других &mdash; полностью запрещен. Как обстоят дела в Украине?</p>\r\n\r\n<h2>Разрешен ли снюс в Украине</h2>\r\n\r\n<p>Несмотря на то, что популярность снюса в Украине даже примерно несравнима с сигаретами или устройствами для выпаривания табака, снюс абсолютно легален. Он относится к табачным продуктам, которые на территории Украины может законно приобрести любой человек, достигший 18-ти лет.</p>\r\n\r\n<p>Жевательный табак действительно запрещен в ряде стран. Ранее Верховная Рада Украины зарегистрировала обращение, в котором предусматривалось некоторое ограничение продажи никотиновой продукции. Однако снюс в перечень ограничений не входит.&nbsp;</p>\r\n\r\n<p>Сегодня вы можете абсолютно легально купить его в интернет-магазинах.&nbsp;</p>\r\n\r\n<h2>Что это такое снюс</h2>\r\n\r\n<p>Снюс &mdash; это бездымное табачное изделие, но бывает и бестабачный снюс.</p>\r\n\r\n<p>В табачном снюсе состав &mdash; это мелкорубленный сортовой табак, пропитанный водой, солью, содом и ароматизаторами (не всегда). В бестабачном варианте обычно табак заменяют на органическую целлюлозу.</p>\r\n\r\n<p>Принцип действия снюса прост: его закладывают между десной и губой. Никотин впитывается через слизистую оболочку, поэтому организм не получает продуктов горения. Именно в них содержится основная масса канцерогенов, которые есть в сигаретах.</p>\r\n\r\n<p>Подробнее о снюсе рассказывали в этой статье: <a href=\"https://kupit-snus.in.ua/2021/09/15/chto-takoe-snyus-i-kak-on-dejstvuet/\">https://kupit-snus.in.ua/2021/09/15/chto-takoe-snyus-i-kak-on-dejstvuet/</a></p>\r\n\r\n<h2>Считается ли снюс наркотиком</h2>\r\n\r\n<p>Многие считают, что снюс &mdash; это наркотик, но на самом деле это совершенно не так. Наркотики &mdash; это химические вещества, способные изменять сознание, вызывать галлюцинации, снижать чувствительность к боли. Действия наркотиков многообразны, но общее есть &mdash; все наркотики обладают психотропным воздействием.</p>\r\n\r\n<p>Снюс таким воздействием не обладает. Кроме никотина в его составе нет ничего, что можно отнести к наркотическим веществам. Количество никотина в составе снюса превышает количество, которое находится в сигаретах, но тому есть причина: снюс используют дольше, чем сигареты &mdash; более 30-ти минут. Он впитывается в кровь медленнее.</p>\r\n\r\n<p>Подробнее о том, является ли снюс наркотиком, разбирались здесь: <a href=\"https://kupit-snus.in.ua/2021/08/25/snyus-eto-narkotik/\">https://kupit-snus.in.ua/2021/08/25/snyus-eto-narkotik/</a></p>\r\n\r\n<h2>Где производят снюс</h2>\r\n\r\n<p>Самым популярным производителем снюса является Швеция. Шведский снюс &mdash; один из самых качественных продуктов, так как жевательный табак крайне популярен в самой Швеции.</p>\r\n\r\n<p>Также производителями снюс являются США, Польша, Россия и ряд других стран.</p>\r\n</div>",
          "created_at":"2024-02-28T15:01:59.307Z",
          "author":14,
          "image":"blog_images/zapreshhen-li-snyus-v-ukraine-optimized_mbNrxP4.webp"
       }
    },
    {
       "model":"users.customuser",
       "pk":14,
       "fields":{
          "password":"pbkdf2_sha256$600000$RybvwniPAhzsrOshJmToUs$o19z/yA9EGriVy1zJ5AXucLhl7xPIIxUEhq0Qp0bIPw=",
          "last_login":"2024-02-28T00:48:42.865Z",
          "is_superuser":true,
          "username":"haite4",
          "first_name":"",
          "last_name":"",
          "email":"ugrayvcsgo137@gmail.com",
          "is_staff":true,
          "is_active":true,
          "date_joined":"2024-02-24T01:53:17.599Z",
          "groups":[
             
          ],
          "user_permissions":[
             
          ]
       }
    },
    {
       "model":"orders.userpayment",
       "pk":1,
       "fields":{
          "user_app":14,
          "checkout_session_id":"cs_test_a19nHiMnZ9d2HYQkUtJcv9DSbybLmRjKKjY0gMbXjt2ejHkheRGO6l0O7n",
          "session_id":"1",
          "anonymous_user_id":null
       }
    },
    {
       "model":"orders.userpayment",
       "pk":2,
       "fields":{
          "user_app":null,
          "checkout_session_id":"",
          "session_id":"841e4f0a-edf3-449d-a919-78d995117339",
          "anonymous_user_id":"841e4f0a-edf3-449d-a919-78d995117339"
       }
    },
    {
       "model":"orders.userpayment",
       "pk":3,
       "fields":{
          "user_app":null,
          "checkout_session_id":"",
          "session_id":"07a04afb-8e40-4fa0-aac3-e6263453ad82",
          "anonymous_user_id":"07a04afb-8e40-4fa0-aac3-e6263453ad82"
       }
    },
    {
       "model":"orders.userpayment",
       "pk":4,
       "fields":{
          "user_app":null,
          "checkout_session_id":"",
          "session_id":"d078f0d7-90c2-42e3-be04-2f5ab54ed53d",
          "anonymous_user_id":"d078f0d7-90c2-42e3-be04-2f5ab54ed53d"
       }
    },
    {
       "model":"orders.userpayment",
       "pk":5,
       "fields":{
          "user_app":null,
          "checkout_session_id":"",
          "session_id":"f010306b-3791-466d-a61b-33e451bfecf3",
          "anonymous_user_id":"f010306b-3791-466d-a61b-33e451bfecf3"
       }
    },
    {
       "model":"orders.order",
       "pk":1,
       "fields":{
          "created_at":"2024-02-24T01:54:36.332Z",
          "updated_at":"2024-02-24T01:54:36.332Z",
          "first_name":"Stanislav",
          "last_name":"Stankov",
          "postal_code":"1170-920",
          "adress":"Ruha penha de franca",
          "email":"ugrayvcsgo137@gmail.com",
          "city":"Lisboa",
          "user_payment":1,
          "paid":true
       }
    },
    {
       "model":"orders.order",
       "pk":2,
       "fields":{
          "created_at":"2024-02-25T01:07:27.579Z",
          "updated_at":"2024-02-25T01:07:27.579Z",
          "first_name":"Stanislav",
          "last_name":"Stankov",
          "postal_code":"1770-233",
          "adress":"Joker232",
          "email":"ugrayvcsgo137@gmail.com",
          "city":"kiev",
          "user_payment":1,
          "paid":true
       }
    },
    {
       "model":"orders.order",
       "pk":3,
       "fields":{
          "created_at":"2024-02-25T01:08:42.646Z",
          "updated_at":"2024-02-25T01:08:42.647Z",
          "first_name":"Stanislav",
          "last_name":"Stankov",
          "postal_code":"1770-233",
          "adress":"Joker232",
          "email":"ugrayvcsgo137@gmail.com",
          "city":"kiev",
          "user_payment":1,
          "paid":true
       }
    },
    {
       "model":"orders.order",
       "pk":4,
       "fields":{
          "created_at":"2024-02-25T20:40:18.652Z",
          "updated_at":"2024-02-25T20:40:18.652Z",
          "first_name":"Stanislav",
          "last_name":"Stankov",
          "postal_code":"1770-233",
          "adress":"Joker232",
          "email":"ugrayvcsgo137@gmail.com",
          "city":"kiev",
          "user_payment":1,
          "paid":true
       }
    },
    {
       "model":"orders.order",
       "pk":5,
       "fields":{
          "created_at":"2024-02-25T23:43:17.760Z",
          "updated_at":"2024-02-25T23:43:17.760Z",
          "first_name":"Stanislav",
          "last_name":"Stanislav",
          "postal_code":"1770-233",
          "adress":"Joker232",
          "email":"ugrayvcsgo137@gmail.com",
          "city":"kiev",
          "user_payment":1,
          "paid":true
       }
    },
    {
       "model":"orders.order",
       "pk":6,
       "fields":{
          "created_at":"2024-02-26T00:13:15.301Z",
          "updated_at":"2024-02-26T00:13:15.301Z",
          "first_name":"Stanislav",
          "last_name":"Stankov",
          "postal_code":"1770-233",
          "adress":"Joker232",
          "email":"ugrayvcsgo137@gmail.com",
          "city":"kiev",
          "user_payment":1,
          "paid":true
       }
    },
    {
       "model":"orders.order",
       "pk":7,
       "fields":{
          "created_at":"2024-02-26T00:14:05.375Z",
          "updated_at":"2024-02-26T00:14:05.375Z",
          "first_name":"Stanislav",
          "last_name":"Stankov",
          "postal_code":"1770-233",
          "adress":"Joker232",
          "email":"ugrayvcsgo137@gmail.com",
          "city":"kiev",
          "user_payment":1,
          "paid":true
       }
    },
    {
       "model":"orders.order",
       "pk":8,
       "fields":{
          "created_at":"2024-02-26T00:15:01.174Z",
          "updated_at":"2024-02-26T00:15:01.174Z",
          "first_name":"Stanislav",
          "last_name":"Stankov",
          "postal_code":"1770-233",
          "adress":"Joker232",
          "email":"ugrayvcsgo137@gmail.com",
          "city":"kiev",
          "user_payment":1,
          "paid":true
       }
    },
    {
       "model":"orders.order",
       "pk":9,
       "fields":{
          "created_at":"2024-02-26T00:16:18.145Z",
          "updated_at":"2024-02-26T00:16:18.145Z",
          "first_name":"Stanislav",
          "last_name":"Stankov",
          "postal_code":"1770-233",
          "adress":"Joker232",
          "email":"ugrayvcsgo137@gmail.com",
          "city":"kiev",
          "user_payment":1,
          "paid":true
       }
    },
    {
       "model":"orders.order",
       "pk":10,
       "fields":{
          "created_at":"2024-02-26T00:20:03.945Z",
          "updated_at":"2024-02-26T00:20:03.945Z",
          "first_name":"Stanislav",
          "last_name":"Stankov",
          "postal_code":"1770-233",
          "adress":"Joker232",
          "email":"ugrayvcsgo137@gmail.com",
          "city":"kiev",
          "user_payment":1,
          "paid":true
       }
    },
    {
       "model":"orders.order",
       "pk":11,
       "fields":{
          "created_at":"2024-02-26T00:25:24.392Z",
          "updated_at":"2024-02-26T00:25:24.392Z",
          "first_name":"Stanislav",
          "last_name":"Stankov",
          "postal_code":"1770-233",
          "adress":"Joker232",
          "email":"ugrayvcsgo137@gmail.com",
          "city":"kiev",
          "user_payment":1,
          "paid":true
       }
    },
    {
       "model":"orders.order",
       "pk":12,
       "fields":{
          "created_at":"2024-02-26T00:25:28.280Z",
          "updated_at":"2024-02-26T00:25:28.280Z",
          "first_name":"Stanislav",
          "last_name":"Stankov",
          "postal_code":"1770-233",
          "adress":"Joker232",
          "email":"ugrayvcsgo137@gmail.com",
          "city":"kiev",
          "user_payment":1,
          "paid":true
       }
    },
    {
       "model":"orders.order",
       "pk":13,
       "fields":{
          "created_at":"2024-02-26T00:27:03.928Z",
          "updated_at":"2024-02-26T00:27:03.929Z",
          "first_name":"Stanislav",
          "last_name":"Stankov",
          "postal_code":"1770-233",
          "adress":"Joker232",
          "email":"ugrayvcsgo137@gmail.com",
          "city":"kiev",
          "user_payment":1,
          "paid":true
       }
    },
    {
       "model":"orders.order",
       "pk":14,
       "fields":{
          "created_at":"2024-02-26T00:29:59.831Z",
          "updated_at":"2024-02-26T00:29:59.831Z",
          "first_name":"Stanislav",
          "last_name":"Stankov",
          "postal_code":"1770-233",
          "adress":"Joker232",
          "email":"ugrayvcsgo137@gmail.com",
          "city":"kiev",
          "user_payment":1,
          "paid":true
       }
    },
    {
       "model":"orders.order",
       "pk":15,
       "fields":{
          "created_at":"2024-02-26T00:37:06.247Z",
          "updated_at":"2024-02-26T00:37:06.247Z",
          "first_name":"Stanislav",
          "last_name":"Stankov",
          "postal_code":"1770-233",
          "adress":"Joker232",
          "email":"ugrayvcsgo137@gmail.com",
          "city":"kiev",
          "user_payment":1,
          "paid":true
       }
    },
    {
       "model":"orders.order",
       "pk":16,
       "fields":{
          "created_at":"2024-02-26T01:19:37.516Z",
          "updated_at":"2024-02-26T01:19:37.516Z",
          "first_name":"Stanislav",
          "last_name":"Stankov",
          "postal_code":"1770-233",
          "adress":"Joker232",
          "email":"ugrayvcsgo137@gmail.com",
          "city":"kiev",
          "user_payment":1,
          "paid":true
       }
    },
    {
       "model":"orders.order",
       "pk":17,
       "fields":{
          "created_at":"2024-02-26T01:22:58.216Z",
          "updated_at":"2024-02-26T01:22:58.216Z",
          "first_name":"Stanislav",
          "last_name":"Stankov",
          "postal_code":"1770-233",
          "adress":"Joker232",
          "email":"ugrayvcsgo137@gmail.com",
          "city":"kiev",
          "user_payment":1,
          "paid":true
       }
    },
    {
       "model":"orders.order",
       "pk":18,
       "fields":{
          "created_at":"2024-02-26T04:17:13.831Z",
          "updated_at":"2024-02-26T04:17:13.831Z",
          "first_name":"Stanislav",
          "last_name":"Stankov",
          "postal_code":"1170-920",
          "adress":"Ruha de franca",
          "email":"ugrayvcsgo137@gmail.com",
          "city":"Nikopol",
          "user_payment":2,
          "paid":true
       }
    },
    {
       "model":"orders.order",
       "pk":19,
       "fields":{
          "created_at":"2024-02-26T04:20:34.229Z",
          "updated_at":"2024-02-26T04:20:34.229Z",
          "first_name":"Stanislavw",
          "last_name":"dsfsfs",
          "postal_code":"sdfsf",
          "adress":"sdfsfs",
          "email":"ugrayvcsgo137@gmail.com",
          "city":"sdfsfsfss",
          "user_payment":3,
          "paid":true
       }
    },
    {
       "model":"orders.order",
       "pk":20,
       "fields":{
          "created_at":"2024-02-26T04:22:33.615Z",
          "updated_at":"2024-02-26T04:22:33.615Z",
          "first_name":"anonumuser",
          "last_name":"Stankov",
          "postal_code":"1170-920",
          "adress":"Rua de ancheta",
          "email":"zloy@gmail.com",
          "city":"Nikopol",
          "user_payment":4,
          "paid":true
       }
    },
    {
       "model":"orders.order",
       "pk":21,
       "fields":{
          "created_at":"2024-02-26T14:10:32.897Z",
          "updated_at":"2024-02-26T14:10:32.897Z",
          "first_name":"NoUser",
          "last_name":"anonymuser",
          "postal_code":"1120-999",
          "adress":"anonymuser",
          "email":"anonymuser@gmail.com",
          "city":"Lisboa",
          "user_payment":5,
          "paid":true
       }
    },
    {
       "model":"orders.order",
       "pk":22,
       "fields":{
          "created_at":"2024-02-27T00:12:35.547Z",
          "updated_at":"2024-02-27T00:12:35.547Z",
          "first_name":"Joker",
          "last_name":"Stankov",
          "postal_code":"1770-233",
          "adress":"Joker232",
          "email":"ugrayvcsgo137@gmail.com",
          "city":"kiev",
          "user_payment":1,
          "paid":true
       }
    },
    {
       "model":"orders.order",
       "pk":23,
       "fields":{
          "created_at":"2024-02-27T02:46:02.699Z",
          "updated_at":"2024-02-27T02:46:02.700Z",
          "first_name":"Stanislav",
          "last_name":"Stankov",
          "postal_code":"1770-233",
          "adress":"Joker232",
          "email":"ugrayvcsgo137@gmail.com",
          "city":"kiev",
          "user_payment":1,
          "paid":true
       }
    },
    {
       "model":"orders.order",
       "pk":24,
       "fields":{
          "created_at":"2024-02-27T19:05:39.585Z",
          "updated_at":"2024-02-27T19:05:39.585Z",
          "first_name":"Stanislav",
          "last_name":"Stankov",
          "postal_code":"1770-233",
          "adress":"Joker232",
          "email":"ugrayvcsgo137@gmail.com",
          "city":"kiev",
          "user_payment":1,
          "paid":true
       }
    },
    {
       "model":"orders.order",
       "pk":25,
       "fields":{
          "created_at":"2024-02-28T17:03:40.564Z",
          "updated_at":"2024-02-28T17:03:40.564Z",
          "first_name":"Stanislav",
          "last_name":"Stanislav",
          "postal_code":"1770-233",
          "adress":"Joker232",
          "email":"ugrayvcsgo137@gmail.com",
          "city":"kiev",
          "user_payment":1,
          "paid":true
       }
    },
    {
       "model":"orders.order",
       "pk":26,
       "fields":{
          "created_at":"2024-02-28T20:23:35.171Z",
          "updated_at":"2024-02-28T20:23:35.171Z",
          "first_name":"Stanislav",
          "last_name":"Stankov",
          "postal_code":"1770-233",
          "adress":"Joker232",
          "email":"ugrayvcsgo137@gmail.com",
          "city":"kiev",
          "user_payment":1,
          "paid":true
       }
    },
    {
       "model":"orders.orderitem",
       "pk":1,
       "fields":{
          "name":"Planet Energy Neptune",
          "order":1,
          "product":5,
          "quantity":1,
          "unit_price":"9.00",
          "unit_amount":"9.00",
          "amount_total":"9.00"
       }
    },
    {
       "model":"orders.orderitem",
       "pk":2,
       "fields":{
          "name":"Planet Energy Neptune",
          "order":2,
          "product":5,
          "quantity":1,
          "unit_price":"4.88",
          "unit_amount":"4.88",
          "amount_total":"41.62"
       }
    },
    {
       "model":"orders.orderitem",
       "pk":3,
       "fields":{
          "name":"Elf Bar Blackberry",
          "order":2,
          "product":1,
          "quantity":2,
          "unit_price":"13.50",
          "unit_amount":"27.00",
          "amount_total":"41.62"
       }
    },
    {
       "model":"orders.orderitem",
       "pk":4,
       "fields":{
          "name":"Street Fight Cinnamon",
          "order":3,
          "product":38,
          "quantity":1,
          "unit_price":"4.87",
          "unit_amount":"4.87",
          "amount_total":"12.87"
       }
    },
    {
       "model":"orders.orderitem",
       "pk":5,
       "fields":{
          "name":"Cuba Blueberry",
          "order":3,
          "product":36,
          "quantity":1,
          "unit_price":"8.00",
          "unit_amount":"8.00",
          "amount_total":"12.87"
       }
    },
    {
       "model":"orders.orderitem",
       "pk":6,
       "fields":{
          "name":"Elf Bar Blackberry",
          "order":4,
          "product":1,
          "quantity":1,
          "unit_price":"13.50",
          "unit_amount":"13.50",
          "amount_total":"13.50"
       }
    },
    {
       "model":"orders.orderitem",
       "pk":7,
       "fields":{
          "name":"Planet Sweet Mint Earth",
          "order":5,
          "product":37,
          "quantity":1,
          "unit_price":"9.00",
          "unit_amount":"9.00",
          "amount_total":"9.00"
       }
    },
    {
       "model":"orders.orderitem",
       "pk":8,
       "fields":{
          "name":"Street Fight Cherry Cola",
          "order":6,
          "product":40,
          "quantity":1,
          "unit_price":"6.00",
          "unit_amount":"6.00",
          "amount_total":"6.00"
       }
    },
    {
       "model":"orders.orderitem",
       "pk":9,
       "fields":{
          "name":"Street Fight Cherry Cola",
          "order":7,
          "product":40,
          "quantity":1,
          "unit_price":"6.00",
          "unit_amount":"6.00",
          "amount_total":"6.00"
       }
    },
    {
       "model":"orders.orderitem",
       "pk":10,
       "fields":{
          "name":"Street Black Currant",
          "order":8,
          "product":39,
          "quantity":1,
          "unit_price":"3.00",
          "unit_amount":"3.00",
          "amount_total":"3.00"
       }
    },
    {
       "model":"orders.orderitem",
       "pk":11,
       "fields":{
          "name":"Suorin Air Hybrid - Denim Blue",
          "order":9,
          "product":22,
          "quantity":1,
          "unit_price":"9.00",
          "unit_amount":"9.00",
          "amount_total":"9.00"
       }
    },
    {
       "model":"orders.orderitem",
       "pk":12,
       "fields":{
          "name":"Suorin Air Hybrid - Denim Blue",
          "order":10,
          "product":22,
          "quantity":1,
          "unit_price":"9.00",
          "unit_amount":"9.00",
          "amount_total":"9.00"
       }
    },
    {
       "model":"orders.orderitem",
       "pk":13,
       "fields":{
          "name":"Suorin Air Hybrid - Denim Blue",
          "order":11,
          "product":22,
          "quantity":1,
          "unit_price":"9.00",
          "unit_amount":"9.00",
          "amount_total":"9.00"
       }
    },
    {
       "model":"orders.orderitem",
       "pk":14,
       "fields":{
          "name":"Suorin Air Hybrid - Denim Blue",
          "order":12,
          "product":22,
          "quantity":1,
          "unit_price":"9.00",
          "unit_amount":"9.00",
          "amount_total":"9.00"
       }
    },
    {
       "model":"orders.orderitem",
       "pk":15,
       "fields":{
          "name":"Suorin Air Hybrid - Denim Blue",
          "order":13,
          "product":22,
          "quantity":1,
          "unit_price":"9.00",
          "unit_amount":"9.00",
          "amount_total":"9.00"
       }
    },
    {
       "model":"orders.orderitem",
       "pk":16,
       "fields":{
          "name":"Suorin Air Hybrid - Denim Blue",
          "order":14,
          "product":22,
          "quantity":1,
          "unit_price":"9.00",
          "unit_amount":"9.00",
          "amount_total":"9.00"
       }
    },
    {
       "model":"orders.orderitem",
       "pk":17,
       "fields":{
          "name":"Planet Tropical Sun",
          "order":15,
          "product":41,
          "quantity":1,
          "unit_price":"5.00",
          "unit_amount":"5.00",
          "amount_total":"5.00"
       }
    },
    {
       "model":"orders.orderitem",
       "pk":18,
       "fields":{
          "name":"Street Fight Cinnamon",
          "order":16,
          "product":38,
          "quantity":1,
          "unit_price":"4.87",
          "unit_amount":"4.87",
          "amount_total":"4.87"
       }
    },
    {
       "model":"orders.orderitem",
       "pk":19,
       "fields":{
          "name":"Elf Bar Blackberry",
          "order":17,
          "product":1,
          "quantity":1,
          "unit_price":"15.00",
          "unit_amount":"15.00",
          "amount_total":"24.00"
       }
    },
    {
       "model":"orders.orderitem",
       "pk":20,
       "fields":{
          "name":"Street Black Currant",
          "order":17,
          "product":39,
          "quantity":1,
          "unit_price":"3.00",
          "unit_amount":"3.00",
          "amount_total":"24.00"
       }
    },
    {
       "model":"orders.orderitem",
       "pk":21,
       "fields":{
          "name":"Street Fight Cherry Cola",
          "order":17,
          "product":40,
          "quantity":1,
          "unit_price":"6.00",
          "unit_amount":"6.00",
          "amount_total":"24.00"
       }
    },
    {
       "model":"orders.orderitem",
       "pk":22,
       "fields":{
          "name":"Street Fight Cherry Cola",
          "order":18,
          "product":40,
          "quantity":1,
          "unit_price":"6.00",
          "unit_amount":"6.00",
          "amount_total":"6.00"
       }
    },
    {
       "model":"orders.orderitem",
       "pk":23,
       "fields":{
          "name":"Planet Sweet Mint Earth",
          "order":19,
          "product":37,
          "quantity":1,
          "unit_price":"9.00",
          "unit_amount":"9.00",
          "amount_total":"9.00"
       }
    },
    {
       "model":"orders.orderitem",
       "pk":24,
       "fields":{
          "name":"Planet Sweet Mint Earth",
          "order":20,
          "product":37,
          "quantity":1,
          "unit_price":"9.00",
          "unit_amount":"9.00",
          "amount_total":"9.00"
       }
    },
    {
       "model":"orders.orderitem",
       "pk":25,
       "fields":{
          "name":"Street Fight Cherry Cola",
          "order":21,
          "product":40,
          "quantity":1,
          "unit_price":"6.00",
          "unit_amount":"6.00",
          "amount_total":"6.00"
       }
    },
    {
       "model":"orders.orderitem",
       "pk":26,
       "fields":{
          "name":"Planet Energy Neptune",
          "order":22,
          "product":5,
          "quantity":20,
          "unit_price":"4.88",
          "unit_amount":"97.60",
          "amount_total":"205.47"
       }
    },
    {
       "model":"orders.orderitem",
       "pk":27,
       "fields":{
          "name":"Elf Bar Watermelon",
          "order":22,
          "product":3,
          "quantity":2,
          "unit_price":"11.00",
          "unit_amount":"22.00",
          "amount_total":"205.47"
       }
    },
    {
       "model":"orders.orderitem",
       "pk":28,
       "fields":{
          "name":"Parliament Silver Blue",
          "order":23,
          "product":9,
          "quantity":1,
          "unit_price":"3.00",
          "unit_amount":"3.00",
          "amount_total":"3.00"
       }
    },
    {
       "model":"orders.orderitem",
       "pk":29,
       "fields":{
          "name":"Parliament Silver Blue",
          "order":24,
          "product":9,
          "quantity":1,
          "unit_price":"3.00",
          "unit_amount":"3.00",
          "amount_total":"3.00"
       }
    },
    {
       "model":"orders.orderitem",
       "pk":30,
       "fields":{
          "name":"Elf Bar Blackberry",
          "order":25,
          "product":1,
          "quantity":1,
          "unit_price":"15.00",
          "unit_amount":"15.00",
          "amount_total":"34.00"
       }
    },
    {
       "model":"orders.orderitem",
       "pk":31,
       "fields":{
          "name":"GeekVape Aegis U Black",
          "order":25,
          "product":14,
          "quantity":1,
          "unit_price":"19.00",
          "unit_amount":"19.00",
          "amount_total":"34.00"
       }
    },
    {
       "model":"orders.orderitem",
       "pk":32,
       "fields":{
          "name":"Camel",
          "order":26,
          "product":11,
          "quantity":1,
          "unit_price":"2.00",
          "unit_amount":"2.00",
          "amount_total":"2.00"
       }
    },
    {
       "model":"account.accountuser",
       "pk":1,
       "fields":{
          "user":14,
          "orders_info":null,
          "ship_postal_code":"1770-233",
          "ship_adress":"Joker232",
          "ship_city":"kiev"
       }
    }
 ]